from,to,demand
2,59,100
3,1,100
3,2,125
3,4,150.0000001
3,5,125
3,6,125
3,7,450.0000001
3,24,325
3,26,150.0000001
3,30,150.0000001
3,42,125
3,47,125
3,55,150.0000001
3,58,150.0000001
3,59,125
3,60,150.0000001
3,67,125
3,72,125
3,81,125
3,84,300
3,85,150.0000001
3,89,150.0000001
3,98,650.0000001
3,99,150.0000001
3,102,125
3,103,800
3,104,50
3,105,125
3,106,125
3,111,150.0000001
3,112,325
3,114,325
3,139,125
3,146,150.0000001
3,147,150.0000001
4,6,125
4,24,125
4,30,250.0000001
4,52,150.0000001
4,80,150.0000001
4,85,150.0000001
4,95,150.0000001
4,99,150.0000001
4,100,150.0000001
4,103,150.0000001
4,105,150.0000001
4,114,325
4,146,150.0000001
4,147,300
5,3,150.0000001
5,4,300
5,8,175
5,12,150.0000001
5,25,150.0000001
5,55,175
5,59,100
5,72,150.0000001
5,74,175
5,85,175
5,86,150.0000001
5,97,150.0000001
5,100,175
5,104,50
5,106,325
5,113,175
6,7,125
6,81,150.0000001
6,104,150.0000001
6,132,100
7,1,150.0000001
7,3,150.0000001
7,30,175
7,38,175
7,50,150.0000001
7,94,150.0000001
7,96,325
7,97,175
7,98,275
7,99,175
7,100,175
7,104,50
7,105,150.0000001
7,106,175
7,107,150.0000001
7,109,150.0000001
7,114,175
7,126,175
7,146,175
8,1,175
8,7,150.0000001
8,30,175
8,49,150.0000001
8,58,350.0000001
8,59,175
8,100,175
8,104,25.00000001
8,147,175
9,3,150.0000001
9,98,125
9,100,150.0000001
9,106,125
10,1,150.0000001
10,2,175
10,9,200
10,26,625
10,30,200
10,59,75.00000001
10,60,200
10,98,175
10,100,200
10,101,200
10,102,200
10,104,200
10,114,425
11,1,100
11,2,150.0000001
11,3,300
11,4,275
11,5,250.0000001
11,6,300
11,7,275
11,8,425
11,9,1150
11,10,400
11,12,875
11,13,150.0000001
11,14,150.0000001
11,15,150.0000001
11,17,125
11,18,125
11,19,300
11,23,125
11,24,300
11,25,850.0000001
11,26,725
11,27,425
11,29,150.0000001
11,30,725
11,31,575
11,35,150.0000001
11,38,150.0000001
11,39,125
11,45,125
11,47,400
11,49,275
11,54,300
11,55,150.0000001
11,58,275
11,59,775
11,62,100
11,65,150.0000001
11,67,150.0000001
11,76,150.0000001
11,77,150.0000001
11,82,125
11,84,875
11,86,125
11,90,150.0000001
11,95,150.0000001
11,96,250.0000001
11,97,275
11,98,300
11,99,400
11,100,575
11,101,300
11,102,425
11,103,1450
11,104,650.0000001
11,105,150.0000001
11,107,275
11,109,150.0000001
11,113,275
11,114,1025
11,116,150.0000001
11,117,300
11,120,300
11,135,150.0000001
11,141,300
11,147,1025
12,1,150.0000001
12,2,425
12,3,125
12,4,125
12,5,275
12,6,150.0000001
12,7,275
12,8,175
12,9,300
12,11,425
12,14,150.0000001
12,16,125
12,18,125
12,19,150.0000001
12,25,125
12,27,400
12,29,150.0000001
12,30,125
12,31,275
12,35,300
12,48,125
12,55,150.0000001
12,58,150.0000001
12,59,225
12,67,150.0000001
12,69,150.0000001
12,72,125
12,80,125
12,81,275
12,82,150.0000001
12,83,125
12,84,125
12,87,150.0000001
12,88,300
12,91,150.0000001
12,97,150.0000001
12,98,400
12,99,125
12,100,150.0000001
12,102,275
12,103,725
12,104,725
12,105,125
12,108,125
12,112,300
12,114,150.0000001
12,120,150.0000001
12,139,125
12,142,300
12,147,275
13,1,625
13,2,775
13,3,750.0000001
13,4,300
13,5,150.0000001
13,6,125
13,7,125
13,8,75.00000001
13,9,150.0000001
13,10,125
13,11,300
13,12,275
13,17,125
13,18,150.0000001
13,22,150.0000001
13,30,125
13,31,625
13,44,125
13,48,125
13,55,150.0000001
13,58,150.0000001
13,59,525
13,81,150.0000001
13,85,150.0000001
13,98,475
13,100,300
13,101,150.0000001
13,102,150.0000001
13,103,300
13,104,50
13,112,125
13,116,150.0000001
13,117,300
13,144,150.0000001
13,147,300
14,1,275
14,2,725
14,3,300
14,4,150.0000001
14,5,275
14,6,575
14,7,425
14,8,575
14,9,875
14,10,275
14,11,150.0000001
14,12,300
14,15,150.0000001
14,16,150.0000001
14,18,125
14,19,150.0000001
14,23,150.0000001
14,24,125
14,25,125
14,26,300
14,27,725
14,29,150.0000001
14,30,125
14,31,750.0000001
14,35,150.0000001
14,38,150.0000001
14,50,125
14,52,450.0000001
14,55,125
14,58,150.0000001
14,59,925
14,63,125
14,70,150.0000001
14,81,450.0000001
14,84,150.0000001
14,85,125
14,86,600
14,87,300
14,96,100
14,97,300
14,98,425
14,99,125
14,100,450.0000001
14,102,275
14,103,875
14,104,600
14,107,125
14,108,150.0000001
14,109,125
14,114,125
14,117,150.0000001
14,131,150.0000001
14,146,600
14,147,450.0000001
15,2,425
15,3,525
15,4,150.0000001
15,5,125
15,7,250.0000001
15,8,200
15,10,150.0000001
15,13,150.0000001
15,14,150.0000001
15,16,125
15,18,150.0000001
15,19,150.0000001
15,22,125
15,24,125
15,25,125
15,30,125
15,31,425
15,38,150.0000001
15,48,125
15,49,275
15,52,275
15,54,150.0000001
15,55,150.0000001
15,58,150.0000001
15,59,475
15,81,150.0000001
15,82,150.0000001
15,85,150.0000001
15,86,125
15,99,150.0000001
15,101,275
15,102,250.0000001
15,103,425
15,104,350.0000001
15,105,125
15,107,125
15,108,150.0000001
15,109,125
15,111,150.0000001
15,114,150.0000001
15,115,150.0000001
15,117,150.0000001
15,137,150.0000001
15,147,275
16,1,850.0000001
16,2,600
16,3,250.0000001
16,4,350.0000001
16,5,225
16,6,600
16,7,225
16,8,375
16,9,625
16,10,500
16,11,500
16,12,625
16,14,500
16,17,375
16,18,500
16,19,125
16,21,250.0000001
16,22,100
16,23,125
16,24,100
16,25,375
16,26,750.0000001
16,27,1250
16,28,250.0000001
16,29,375
16,30,875
16,31,125
16,32,125
16,33,250.0000001
16,35,375
16,43,250.0000001
16,44,100
16,47,225
16,52,125
16,54,250.0000001
16,55,125
16,58,350.0000001
16,59,775
16,61,125
16,70,250.0000001
16,72,100
16,74,125
16,77,125
16,80,375
16,81,225
16,83,125
16,84,100
16,85,625
16,86,100
16,87,125
16,90,125
16,91,225
16,92,125
16,94,100
16,96,325
16,97,375
16,98,500
16,99,375
16,100,350.0000001
16,101,500
16,102,600
16,103,875
16,104,850.0000001
16,105,250.0000001
16,106,125
16,107,500
16,112,625
16,114,1250
16,116,125
16,117,125
16,124,125
16,135,125
16,142,125
16,143,125
16,146,125
16,147,725
17,1,125
17,2,975
17,3,150.0000001
17,4,275
17,5,125
17,6,400
17,7,400
17,8,300
17,9,275
17,10,400
17,11,1125
17,12,850.0000001
17,14,150.0000001
17,16,275
17,18,275
17,19,2400
17,20,125
17,21,150.0000001
17,23,125
17,24,125
17,25,850.0000001
17,26,250.0000001
17,27,1000
17,29,275
17,30,675
17,31,150.0000001
17,32,125
17,33,150.0000001
17,35,425
17,43,150.0000001
17,47,125
17,49,150.0000001
17,52,150.0000001
17,54,150.0000001
17,55,150.0000001
17,58,150.0000001
17,59,1175
17,60,275
17,64,150.0000001
17,74,150.0000001
17,76,150.0000001
17,77,150.0000001
17,80,125
17,84,425
17,85,425
17,87,125
17,88,150.0000001
17,91,150.0000001
17,96,225
17,97,275
17,98,400
17,99,275
17,100,1000
17,101,275
17,102,425
17,103,850.0000001
17,104,525
17,107,125
17,108,425
17,111,150.0000001
17,112,425
17,113,125
17,114,575
17,115,275
17,117,150.0000001
17,118,125
17,120,150.0000001
17,121,150.0000001
17,123,150.0000001
17,124,150.0000001
17,133,275
17,136,225
17,143,150.0000001
17,144,275
17,147,850.0000001
18,1,1100
18,2,1900
18,3,625
18,4,1425
18,5,475
18,6,625
18,7,600
18,8,900
18,9,800
18,10,125
18,11,800
18,12,600
18,14,950.0000001
18,15,150.0000001
18,16,125
18,17,475
18,19,1425
18,20,100
18,21,475
18,22,150.0000001
18,23,125
18,24,125
18,25,450.0000001
18,26,475
18,27,1250
18,28,625
18,29,150.0000001
18,30,1225
18,31,150.0000001
18,35,325
18,36,150.0000001
18,38,150.0000001
18,45,325
18,47,125
18,49,475
18,51,150.0000001
18,52,475
18,54,150.0000001
18,55,150.0000001
18,58,325
18,59,850.0000001
18,66,475
18,67,300
18,71,150.0000001
18,72,300
18,80,125
18,81,800
18,83,150.0000001
18,84,1075
18,85,475
18,88,150.0000001
18,90,150.0000001
18,95,325
18,96,125
18,97,475
18,98,600
18,99,475
18,100,1700
18,101,325
18,102,300
18,103,150.0000001
18,104,1025
18,107,300
18,108,450.0000001
18,110,325
18,111,325
18,112,150.0000001
18,113,1250
18,114,950.0000001
18,117,950.0000001
18,119,150.0000001
18,120,150.0000001
18,133,125
18,136,125
18,143,150.0000001
18,145,150.0000001
18,146,925
18,147,625
19,1,250.0000001
19,2,825
19,3,375
19,4,275
19,6,650.0000001
19,7,250.0000001
19,8,275
19,9,275
19,10,100
19,11,275
19,12,275
19,16,100
19,17,100
19,18,550.0000001
19,22,125
19,25,250.0000001
19,26,375
19,27,400
19,29,125
19,30,100
19,31,125
19,33,125
19,34,100
19,35,125
19,36,125
19,38,125
19,47,375
19,52,275
19,53,125
19,55,275
19,59,225
19,72,100
19,80,125
19,81,100
19,85,125
19,87,100
19,90,125
19,98,375
19,100,400
19,101,125
19,103,675
19,104,450.0000001
19,105,250.0000001
19,110,100
19,113,275
19,114,100
19,117,125
19,144,100
19,146,125
19,147,525
20,1,150.0000001
20,5,125
20,6,275
20,9,125
20,13,150.0000001
20,17,125
20,19,150.0000001
20,21,300
20,27,125
20,31,125
20,35,150.0000001
20,38,125
20,59,225
20,62,100
20,69,150.0000001
20,85,150.0000001
20,98,300
20,99,150.0000001
20,101,125
20,103,150.0000001
20,104,200
20,105,125
20,106,150.0000001
20,107,125
20,114,125
20,120,150.0000001
21,1,300
21,2,325
21,3,325
21,4,500
21,6,175
21,7,150.0000001
21,8,275
21,9,175
21,11,325
21,12,500
21,13,175
21,16,150.0000001
21,17,150.0000001
21,18,150.0000001
21,19,650.0000001
21,25,150.0000001
21,27,175
21,29,175
21,30,300
21,31,500
21,49,175
21,59,350.0000001
21,81,475
21,85,500
21,100,325
21,101,175
21,102,175
21,103,325
21,106,175
21,107,150.0000001
21,114,325
21,133,325
21,147,175
22,4,125
22,9,150.0000001
22,24,250.0000001
22,26,425
22,27,150.0000001
22,30,150.0000001
22,58,125
22,59,250.0000001
22,80,125
22,91,125
22,97,125
22,100,150.0000001
22,103,150.0000001
22,104,175
22,138,100
22,146,150.0000001
23,1,150.0000001
23,2,200
23,5,175
23,10,200
23,22,375
23,25,200
23,26,200
23,28,200
23,33,200
23,44,175
23,59,275
23,80,175
23,102,200
23,104,75.00000001
23,108,200
24,2,300
24,4,325
24,6,325
24,8,325
24,11,175
24,22,175
24,23,150.0000001
24,26,175
24,27,1125
24,33,175
24,35,175
24,38,500
24,40,175
24,42,175
24,44,175
24,45,175
24,46,175
24,47,300
24,59,375
24,74,175
24,80,150.0000001
24,81,150.0000001
24,84,175
24,85,175
24,86,150.0000001
24,91,150.0000001
24,97,325
24,100,175
24,103,500
24,104,75.00000001
24,105,150.0000001
24,147,325
25,1,275
25,2,300
25,3,125
25,4,750.0000001
25,6,425
25,7,275
25,8,200
25,9,875
25,11,150.0000001
25,12,575
25,14,150.0000001
25,15,150.0000001
25,16,275
25,17,125
25,18,125
25,19,450.0000001
25,22,150.0000001
25,24,125
25,26,1050
25,27,600
25,28,150.0000001
25,29,150.0000001
25,30,1050
25,31,450.0000001
25,35,450.0000001
25,36,150.0000001
25,42,425
25,44,125
25,45,150.0000001
25,46,150.0000001
25,47,125
25,48,125
25,52,450.0000001
25,55,150.0000001
25,58,450.0000001
25,59,775
25,62,100
25,71,150.0000001
25,72,125
25,81,125
25,82,150.0000001
25,83,300
25,85,300
25,86,150.0000001
25,97,750.0000001
25,98,275
25,99,275
25,100,600
25,101,300
25,102,300
25,103,600
25,104,400
25,105,150.0000001
25,107,125
25,108,150.0000001
25,112,300
25,113,150.0000001
25,114,600
25,126,150.0000001
25,147,1200
26,24,100
26,27,100
26,31,125
26,33,125
26,34,100
26,44,125
26,45,125
26,59,175
26,72,100
26,85,125
26,100,125
26,102,100
26,103,125
26,111,125
26,127,125
27,10,175
27,32,325
27,35,175
27,48,150.0000001
27,59,75.00000001
27,85,150.0000001
27,104,125
27,146,175
28,1,100
28,2,150.0000001
28,12,150.0000001
28,22,150.0000001
28,26,325
28,35,150.0000001
28,52,150.0000001
28,59,50
28,81,150.0000001
28,84,150.0000001
28,98,150.0000001
28,101,150.0000001
28,114,150.0000001
28,117,150.0000001
28,135,150.0000001
28,147,150.0000001
29,11,150.0000001
29,62,125
29,114,150.0000001
30,6,150.0000001
30,8,125
30,27,125
30,35,150.0000001
30,52,150.0000001
30,64,150.0000001
31,1,375
31,2,950.0000001
31,3,1225
31,4,650.0000001
31,5,250.0000001
31,6,675
31,7,250.0000001
31,8,125
31,9,800
31,11,125
31,12,125
31,14,100
31,17,100
31,18,400
31,21,275
31,22,125
31,24,275
31,25,925
31,26,250.0000001
31,27,3225
31,28,400
31,29,1225
31,30,5925
31,33,250.0000001
31,35,400
31,38,375
31,44,250.0000001
31,47,100
31,49,125
31,50,75.00000001
31,52,550.0000001
31,55,400
31,58,675
31,59,1850
31,65,125
31,72,100
31,76,125
31,80,125
31,81,275
31,82,100
31,83,125
31,84,250.0000001
31,85,400
31,92,125
31,96,100
31,97,125
31,98,650.0000001
31,99,275
31,100,675
31,101,400
31,102,125
31,103,550.0000001
31,104,925
31,105,250.0000001
31,106,100
31,107,525
31,112,400
31,114,675
31,115,125
31,117,675
31,119,125
31,120,125
31,124,125
31,136,100
31,139,100
31,146,125
31,147,1050
32,8,100
32,9,100
32,22,125
32,27,100
32,30,250.0000001
32,47,100
32,58,125
32,84,125
32,103,125
32,104,75.00000001
32,114,125
32,146,100
32,147,125
33,1,350.0000001
33,2,175
33,4,350.0000001
33,6,325
33,7,150.0000001
33,8,25.00000001
33,9,500
33,12,175
33,22,350.0000001
33,23,325
33,27,1350
33,30,675
33,31,350.0000001
33,35,350.0000001
33,36,175
33,43,175
33,44,175
33,45,175
33,47,325
33,48,175
33,49,150.0000001
33,52,850.0000001
33,55,150.0000001
33,59,575
33,74,175
33,81,350.0000001
33,88,175
33,92,175
33,97,175
33,98,150.0000001
33,100,350.0000001
33,103,850.0000001
33,104,350.0000001
33,105,325
33,106,350.0000001
33,107,150.0000001
33,108,150.0000001
33,113,150.0000001
33,114,350.0000001
33,117,175
33,134,175
33,136,125
34,2,150.0000001
34,3,475
34,4,150.0000001
34,6,175
34,8,50
34,9,175
34,18,175
34,23,300
34,25,150.0000001
34,27,175
34,30,325
34,31,175
34,33,175
34,35,325
34,47,150.0000001
34,51,175
34,52,175
34,55,325
34,58,150.0000001
34,59,1000
34,60,175
34,81,325
34,84,150.0000001
34,85,150.0000001
34,86,325
34,91,150.0000001
34,98,150.0000001
34,100,325
34,102,175
34,103,325
34,104,150.0000001
34,106,150.0000001
34,108,150.0000001
34,147,150.0000001
35,1,125
35,4,125
35,7,125
35,9,150.0000001
35,11,150.0000001
35,19,150.0000001
35,23,425
35,25,150.0000001
35,26,125
35,28,150.0000001
35,31,125
35,33,425
35,47,125
35,52,150.0000001
35,59,350.0000001
35,87,125
35,100,150.0000001
35,102,125
35,103,150.0000001
35,104,50
35,105,125
35,132,100
36,1,150.0000001
36,2,450.0000001
36,3,275
36,4,450.0000001
36,6,450.0000001
36,7,275
36,8,200
36,9,125
36,11,150.0000001
36,16,125
36,23,300
36,24,125
36,25,125
36,27,425
36,30,575
36,31,275
36,33,150.0000001
36,35,600
36,38,150.0000001
36,48,125
36,50,125
36,52,600
36,57,150.0000001
36,58,300
36,59,875
36,61,125
36,62,100
36,70,125
36,76,150.0000001
36,80,125
36,82,125
36,84,125
36,86,125
36,87,125
36,92,150.0000001
36,96,125
36,97,150.0000001
36,98,150.0000001
36,100,125
36,101,300
36,102,150.0000001
36,103,900
36,104,375
36,105,275
36,106,300
36,112,150.0000001
36,114,600
36,141,150.0000001
36,147,600
37,4,125
37,6,100
37,8,100
37,22,125
37,26,100
37,59,125
37,84,100
37,86,125
37,97,100
37,98,100
37,100,250.0000001
37,103,125
37,109,100
37,114,125
37,117,125
38,1,450.0000001
38,2,1875
38,3,1250
38,4,1575
38,5,325
38,6,325
38,7,125
38,8,1075
38,9,775
38,11,625
38,12,475
38,13,150.0000001
38,14,150.0000001
38,16,150.0000001
38,19,150.0000001
38,22,800
38,23,125
38,24,800
38,25,450.0000001
38,26,1275
38,27,2025
38,28,150.0000001
38,29,325
38,30,800
38,31,800
38,33,800
38,35,2375
38,36,475
38,39,150.0000001
38,41,150.0000001
38,42,150.0000001
38,44,450.0000001
38,45,475
38,47,300
38,49,475
38,51,150.0000001
38,52,1275
38,54,300
38,55,1425
38,58,1075
38,59,3325.000001
38,61,325
38,62,350.0000001
38,66,150.0000001
38,69,150.0000001
38,72,125
38,74,125
38,80,600
38,81,625
38,82,600
38,84,1275
38,85,475
38,86,150.0000001
38,87,300
38,90,150.0000001
38,91,300
38,95,125
38,96,300
38,97,325
38,98,1075
38,99,125
38,100,800
38,101,475
38,102,300
38,103,2050
38,104,325
38,107,300
38,108,150.0000001
38,109,325
38,113,125
38,114,625
38,117,150.0000001
38,133,325
38,135,150.0000001
38,136,275
38,147,1250
39,1,350.0000001
39,2,600
39,3,350.0000001
39,4,175
39,5,225
39,6,325
39,7,100
39,8,200
39,9,350.0000001
39,11,125
39,23,200
39,24,100
39,26,100
39,27,225
39,29,125
39,30,450.0000001
39,35,225
39,38,125
39,40,125
39,41,125
39,42,100
39,44,100
39,45,100
39,47,100
39,49,225
39,52,125
39,55,825
39,58,225
39,59,350.0000001
39,62,100
39,65,125
39,67,100
39,70,100
39,80,100
39,81,125
39,82,125
39,83,125
39,84,225
39,85,200
39,87,100
39,88,125
39,96,100
39,98,125
39,100,125
39,103,700
39,105,200
39,108,125
39,110,100
39,112,125
39,114,125
39,117,225
39,136,175
39,138,75.00000001
39,147,325
40,1,250.0000001
40,2,250.0000001
40,3,275
40,4,375
40,5,225
40,6,225
40,7,100
40,22,125
40,23,100
40,24,250.0000001
40,25,125
40,27,375
40,28,125
40,30,525
40,31,100
40,33,100
40,35,275
40,36,125
40,38,800
40,39,125
40,43,125
40,44,125
40,45,125
40,48,100
40,49,275
40,52,400
40,54,275
40,55,275
40,58,100
40,59,400
40,62,75.00000001
40,65,125
40,72,100
40,74,125
40,81,125
40,83,125
40,84,125
40,85,125
40,91,125
40,98,250.0000001
40,100,125
40,103,800
40,104,325
40,109,125
40,114,125
40,115,125
40,133,100
40,143,125
40,144,100
40,147,275
41,1,225
41,2,125
41,3,125
41,4,300
41,5,150.0000001
41,6,300
41,7,275
41,9,150.0000001
41,22,150.0000001
41,24,125
41,26,150.0000001
41,27,550.0000001
41,29,150.0000001
41,30,125
41,33,150.0000001
41,35,300
41,38,150.0000001
41,42,125
41,44,125
41,47,125
41,48,125
41,49,150.0000001
41,55,300
41,58,300
41,59,325
41,81,425
41,84,300
41,85,400
41,88,425
41,97,150.0000001
41,100,150.0000001
41,101,150.0000001
41,102,150.0000001
41,103,425
41,104,225
41,105,400
41,107,125
41,131,150.0000001
42,1,725
42,2,750.0000001
42,3,225
42,4,375
42,5,225
42,6,875
42,7,100
42,8,700
42,9,250.0000001
42,14,100
42,19,125
42,22,250.0000001
42,24,100
42,25,100
42,26,125
42,27,500
42,30,100
42,31,625
42,35,250.0000001
42,37,75.00000001
42,38,250.0000001
42,39,100
42,41,125
42,44,225
42,46,125
42,47,225
42,48,100
42,49,375
42,52,375
42,54,125
42,55,625
42,58,250.0000001
42,59,1000
42,61,100
42,62,200
42,63,125
42,65,125
42,66,100
42,67,350.0000001
42,68,125
42,72,100
42,74,125
42,76,100
42,80,125
42,81,125
42,82,100
42,83,125
42,84,225
42,85,225
42,94,100
42,95,100
42,96,75.00000001
42,97,125
42,98,125
42,99,375
42,100,375
42,101,125
42,103,500
42,104,475
42,105,350.0000001
42,108,125
42,109,125
42,110,100
42,111,125
42,112,250.0000001
42,114,125
42,146,125
42,147,250.0000001
43,1,425
43,2,125
43,3,300
43,4,300
43,6,150.0000001
43,7,125
43,11,150.0000001
43,12,450.0000001
43,14,125
43,17,150.0000001
43,22,300
43,25,275
43,27,600
43,28,150.0000001
43,30,150.0000001
43,33,425
43,35,300
43,38,150.0000001
43,40,150.0000001
43,41,150.0000001
43,42,125
43,45,300
43,47,225
43,48,425
43,49,125
43,50,125
43,52,300
43,55,600
43,58,450.0000001
43,59,400
43,61,150.0000001
43,62,75.00000001
43,66,150.0000001
43,67,125
43,82,125
43,84,600
43,85,425
43,91,300
43,94,150.0000001
43,98,850.0000001
43,99,150.0000001
43,100,125
43,103,725
43,104,200
43,105,425
43,108,150.0000001
43,110,150.0000001
43,111,150.0000001
43,113,125
43,114,150.0000001
43,119,150.0000001
43,136,125
43,147,700
44,1,1100
44,2,550.0000001
44,3,700
44,4,950.0000001
44,5,275
44,6,525
44,7,525
44,8,800
44,9,150.0000001
44,12,150.0000001
44,17,150.0000001
44,21,150.0000001
44,22,550.0000001
44,23,250.0000001
44,24,250.0000001
44,25,250.0000001
44,26,425
44,27,1350
44,30,150.0000001
44,31,275
44,35,550.0000001
44,36,150.0000001
44,38,275
44,39,125
44,41,150.0000001
44,42,250.0000001
44,43,150.0000001
44,45,550.0000001
44,47,400
44,49,250.0000001
44,50,125
44,52,700
44,54,525
44,55,1250
44,57,150.0000001
44,58,275
44,59,2275
44,63,150.0000001
44,64,150.0000001
44,65,150.0000001
44,72,125
44,81,400
44,82,275
44,84,700
44,85,550.0000001
44,87,150.0000001
44,88,425
44,91,275
44,92,150.0000001
44,94,125
44,96,125
44,97,275
44,98,250.0000001
44,100,150.0000001
44,101,150.0000001
44,103,550.0000001
44,104,400
44,105,125
44,106,150.0000001
44,109,275
44,114,150.0000001
44,117,150.0000001
44,131,150.0000001
44,136,100
44,141,275
44,146,150.0000001
44,147,425
45,1,525
45,2,225
45,3,875
45,4,1025
45,5,225
45,6,400
45,7,100
45,8,75.00000001
45,9,250.0000001
45,10,225
45,11,125
45,12,125
45,21,125
45,22,125
45,23,225
45,24,250.0000001
45,25,625
45,26,250.0000001
45,27,775
45,30,525
45,31,125
45,33,250.0000001
45,35,250.0000001
45,38,650.0000001
45,39,125
45,40,125
45,43,250.0000001
45,44,100
45,47,100
45,49,100
45,52,125
45,55,250.0000001
45,58,250.0000001
45,59,975
45,60,125
45,62,75.00000001
45,63,125
45,67,225
45,72,100
45,74,125
45,77,125
45,81,525
45,82,225
45,84,375
45,85,225
45,86,125
45,90,250.0000001
45,95,125
45,96,200
45,98,1000
45,99,100
45,101,125
45,103,525
45,104,325
45,105,125
45,107,125
45,108,100
45,113,400
45,114,125
45,132,100
45,136,100
45,147,650.0000001
46,1,350.0000001
46,2,375
46,3,300
46,4,375
46,5,300
46,6,375
46,7,300
46,22,375
46,27,350.0000001
46,33,725
46,34,350.0000001
46,35,375
46,37,325
46,38,375
46,41,375
46,47,350.0000001
46,58,1100
46,70,375
46,73,350.0000001
46,81,350.0000001
46,84,325
46,98,300
46,103,375
46,104,375
46,107,375
46,112,350.0000001
46,113,375
46,147,375
47,1,375
47,2,975
47,3,1000
47,4,1400
47,5,575
47,6,375
47,7,175
47,8,375
47,9,400
47,10,400
47,11,200
47,13,200
47,16,200
47,18,200
47,24,375
47,25,175
47,27,175
47,31,175
47,35,200
47,36,200
47,42,200
47,48,175
47,50,350.0000001
47,52,400
47,54,200
47,55,1000
47,58,1200
47,59,3150.000001
47,63,175
47,67,175
47,71,200
47,72,575
47,73,150.0000001
47,76,400
47,77,200
47,80,775
47,81,175
47,82,400
47,84,600
47,85,775
47,86,400
47,87,400
47,98,175
47,99,400
47,100,600
47,101,1000
47,102,375
47,103,1400
47,104,1850
47,105,375
47,108,575
47,112,200
47,114,375
47,120,200
47,124,200
47,141,600
47,144,175
47,147,375
48,2,150.0000001
48,4,300
48,5,300
48,6,125
48,7,125
48,8,125
48,10,150.0000001
48,27,150.0000001
48,31,300
48,33,150.0000001
48,47,275
48,49,150.0000001
48,55,150.0000001
48,58,300
48,59,275
48,67,125
48,70,150.0000001
48,72,125
48,80,125
48,84,150.0000001
48,88,125
48,97,775
48,98,275
48,99,125
48,101,150.0000001
48,103,300
48,104,275
48,105,275
48,106,150.0000001
48,108,125
48,147,125
49,1,150.0000001
49,2,175
49,3,150.0000001
49,4,125
49,7,150.0000001
49,27,175
49,30,325
49,50,250.0000001
49,52,175
49,55,325
49,58,175
49,59,925
49,61,150.0000001
49,67,150.0000001
49,72,150.0000001
49,73,150.0000001
49,79,175
49,80,175
49,81,175
49,82,150.0000001
49,84,150.0000001
49,87,175
49,89,175
49,98,150.0000001
49,101,175
49,102,175
49,103,325
49,104,150.0000001
49,107,150.0000001
49,108,150.0000001
49,113,150.0000001
49,114,175
49,127,175
50,1,550.0000001
50,2,125
50,3,275
50,4,650.0000001
50,5,650.0000001
50,6,375
50,8,275
50,11,125
50,19,125
50,31,275
50,32,525
50,33,125
50,38,100
50,39,100
50,44,275
50,47,250.0000001
50,52,275
50,53,125
50,54,125
50,58,275
50,59,900
50,63,125
50,67,275
50,70,125
50,71,125
50,81,550.0000001
50,82,275
50,83,125
50,84,250.0000001
50,85,125
50,88,125
50,96,75.00000001
50,97,125
50,98,100
50,100,250.0000001
50,103,1075
50,104,250.0000001
50,111,125
50,112,125
50,114,250.0000001
50,117,125
50,120,125
50,131,275
50,134,125
50,147,550.0000001
51,1,300
51,2,300
51,3,125
51,4,725
51,8,200
51,9,300
51,24,125
51,27,300
51,32,150.0000001
51,33,150.0000001
51,34,125
51,35,150.0000001
51,49,125
51,52,1150
51,55,150.0000001
51,58,425
51,59,850.0000001
51,67,425
51,77,150.0000001
51,80,150.0000001
51,81,150.0000001
51,82,125
51,84,575
51,85,300
51,88,150.0000001
51,97,300
51,100,300
51,103,725
51,104,850.0000001
51,105,125
51,107,150.0000001
51,108,125
51,109,150.0000001
51,114,150.0000001
51,124,150.0000001
51,141,150.0000001
51,147,125
52,1,125
52,2,425
52,3,400
52,4,725
52,5,125
52,6,425
52,9,150.0000001
52,11,150.0000001
52,14,300
52,19,300
52,22,125
52,27,850.0000001
52,29,150.0000001
52,30,300
52,31,150.0000001
52,33,125
52,35,300
52,47,275
52,49,125
52,50,100
52,54,125
52,55,1300
52,58,850.0000001
52,59,1225
52,62,125
52,64,150.0000001
52,67,275
52,68,150.0000001
52,74,300
52,81,275
52,84,300
52,85,725
52,87,150.0000001
52,89,300
52,91,150.0000001
52,96,100
52,97,300
52,98,150.0000001
52,99,150.0000001
52,100,400
52,101,300
52,102,275
52,103,1300
52,104,825
52,105,150.0000001
52,108,275
52,109,425
52,113,125
52,114,425
52,117,150.0000001
52,147,425
53,2,150.0000001
53,4,300
53,6,125
53,35,150.0000001
53,55,150.0000001
53,59,500
53,63,150.0000001
53,84,125
53,86,125
53,87,275
53,98,125
53,103,575
53,104,300
54,1,675
54,2,375
54,3,100
54,4,125
54,5,650.0000001
54,6,400
54,7,100
54,8,150.0000001
54,10,125
54,22,275
54,23,250.0000001
54,24,100
54,26,125
54,30,100
54,31,125
54,35,275
54,38,125
54,47,250.0000001
54,51,125
54,52,675
54,55,400
54,58,400
54,59,1100
54,63,100
54,67,100
54,80,100
54,81,100
54,85,500
54,86,250.0000001
54,88,125
54,92,100
54,97,275
54,98,250.0000001
54,100,100
54,103,275
54,104,475
54,105,125
54,135,125
54,147,525
55,1,250.0000001
55,2,125
55,3,125
55,4,400
55,5,125
55,6,125
55,7,100
55,9,125
55,25,100
55,26,125
55,27,250.0000001
55,29,125
55,39,125
55,48,125
55,49,125
55,52,275
55,53,125
55,54,125
55,57,125
55,58,400
55,59,675
55,61,275
55,62,75.00000001
55,66,250.0000001
55,70,125
55,74,125
55,81,125
55,85,100
55,87,250.0000001
55,88,125
55,91,125
55,95,125
55,96,100
55,97,125
55,98,250.0000001
55,100,400
55,101,125
55,103,400
55,104,575
55,105,100
55,114,125
55,147,400
56,3,125
56,18,150.0000001
56,52,300
56,58,125
56,59,275
56,60,150.0000001
56,85,150.0000001
56,98,150.0000001
56,103,150.0000001
56,105,125
57,1,125
57,2,275
57,3,225
57,5,125
57,6,275
57,8,75.00000001
57,22,150.0000001
57,24,150.0000001
57,38,150.0000001
57,41,150.0000001
57,47,125
57,49,150.0000001
57,52,275
57,54,150.0000001
57,55,425
57,58,525
57,59,625
57,70,125
57,77,150.0000001
57,83,150.0000001
57,84,150.0000001
57,86,150.0000001
57,100,150.0000001
57,102,125
57,103,425
57,104,275
57,105,150.0000001
57,147,425
58,2,150.0000001
58,3,325
58,4,125
58,5,125
58,6,125
58,7,450.0000001
58,8,200
58,9,125
58,10,150.0000001
58,17,150.0000001
58,18,125
58,25,325
58,27,325
58,31,150.0000001
58,33,150.0000001
58,36,150.0000001
58,47,125
58,49,325
58,52,475
58,54,125
58,55,2050
58,57,150.0000001
58,59,1325
58,60,150.0000001
58,61,125
58,63,150.0000001
58,65,150.0000001
58,67,150.0000001
58,69,150.0000001
58,77,475
58,80,325
58,81,450.0000001
58,84,325
58,85,150.0000001
58,98,300
58,100,325
58,103,650.0000001
58,104,100
58,105,125
58,112,150.0000001
58,114,125
58,137,150.0000001
58,147,625
59,1,150.0000001
59,3,325
59,4,500
59,5,475
59,6,175
59,7,150.0000001
59,8,175
59,9,325
59,24,150.0000001
59,25,150.0000001
59,26,325
59,27,175
59,30,325
59,35,175
59,47,125
59,52,175
59,53,175
59,54,175
59,57,325
59,58,325
59,67,475
59,70,150.0000001
59,81,175
59,82,150.0000001
59,83,325
59,84,175
59,87,150.0000001
59,88,175
59,90,175
59,98,175
59,100,175
59,101,175
59,103,175
59,104,75.00000001
59,114,325
59,138,100
60,2,175
61,85,175
62,1,1350
62,2,1350
62,3,275
62,4,975
62,5,1075
62,6,975
62,7,100
62,8,800
62,9,825
62,11,150.0000001
62,16,125
62,17,125
62,21,150.0000001
62,22,150.0000001
62,23,250.0000001
62,27,550.0000001
62,30,150.0000001
62,31,400
62,33,275
62,35,275
62,38,425
62,44,125
62,47,400
62,48,125
62,49,275
62,52,1525
62,54,250.0000001
62,55,2350
62,58,2050
62,59,4775
62,61,150.0000001
62,63,150.0000001
62,66,125
62,67,125
62,70,275
62,71,275
62,72,400
62,74,700
62,76,150.0000001
62,77,150.0000001
62,79,275
62,80,125
62,81,550.0000001
62,83,150.0000001
62,84,675
62,85,400
62,86,125
62,87,150.0000001
62,90,150.0000001
62,91,250.0000001
62,92,125
62,94,150.0000001
62,97,275
62,98,1075
62,99,125
62,100,125
62,101,150.0000001
62,102,150.0000001
62,103,1375
62,104,575
62,105,125
62,107,125
62,109,125
62,113,125
62,114,275
62,131,275
62,135,275
62,138,375
62,139,150.0000001
62,144,125
62,146,125
62,147,275
63,1,100
63,2,125
63,3,250.0000001
63,5,100
63,7,100
63,8,100
63,9,125
63,10,100
63,11,275
63,16,100
63,17,125
63,18,100
63,25,125
63,27,125
63,30,100
63,38,125
63,45,125
63,49,100
63,52,275
63,55,550.0000001
63,58,525
63,59,1100
63,60,125
63,62,100
63,71,125
63,72,100
63,80,125
63,81,125
63,82,125
63,85,400
63,86,125
63,90,125
63,91,100
63,103,675
63,104,125
63,136,75.00000001
64,8,25.00000001
64,19,300
64,55,300
64,59,525
64,68,300
64,104,50
65,1,250.0000001
65,2,125
65,3,525
65,4,125
65,6,100
65,8,100
65,16,125
65,22,125
65,23,100
65,24,100
65,26,125
65,27,525
65,38,125
65,41,125
65,42,100
65,43,125
65,46,125
65,47,225
65,52,125
65,55,275
65,57,125
65,58,1225
65,59,1500.000001
65,62,75.00000001
65,64,125
65,67,100
65,72,250.0000001
65,77,125
65,80,125
65,81,100
65,83,100
65,84,125
65,98,125
65,100,125
65,103,400
65,105,125
65,112,125
65,136,75.00000001
65,147,275
66,1,700
66,2,150.0000001
66,3,400
66,4,550.0000001
66,5,250.0000001
66,6,400
66,7,125
66,8,125
66,16,150.0000001
66,22,150.0000001
66,24,125
66,31,125
66,36,150.0000001
66,42,150.0000001
66,52,150.0000001
66,54,275
66,55,150.0000001
66,58,125
66,59,575
66,69,150.0000001
66,73,100
66,77,150.0000001
66,82,275
66,84,400
66,85,125
66,87,150.0000001
66,90,150.0000001
66,91,125
66,94,125
66,98,250.0000001
66,100,550.0000001
66,101,150.0000001
66,103,850.0000001
66,104,475
66,106,250.0000001
66,107,125
66,111,150.0000001
66,114,150.0000001
66,131,150.0000001
66,147,125
67,1,350.0000001
67,2,750.0000001
67,3,150.0000001
67,4,150.0000001
67,5,350.0000001
67,7,150.0000001
67,8,175
67,9,375
67,10,375
67,20,125
67,23,350.0000001
67,25,175
67,27,550.0000001
67,28,175
67,30,175
67,36,375
67,38,350.0000001
67,43,175
67,48,150.0000001
67,49,375
67,52,750.0000001
67,54,150.0000001
67,55,550.0000001
67,58,350.0000001
67,59,750.0000001
67,62,125
67,69,175
67,70,175
67,71,175
67,72,150.0000001
67,73,150.0000001
67,74,375
67,80,375
67,82,175
67,83,175
67,84,900
67,85,375
67,86,150.0000001
67,88,175
67,90,175
67,91,175
67,94,150.0000001
67,95,150.0000001
67,97,175
67,98,525
67,99,375
67,100,750.0000001
67,101,550.0000001
67,102,375
67,103,1850
67,104,475
67,105,725
67,106,525
67,111,175
67,113,150.0000001
67,114,750.0000001
67,121,175
67,133,150.0000001
67,141,175
67,146,175
67,147,375
68,2,375
68,3,350.0000001
68,4,175
68,5,375
68,6,775
68,7,175
68,8,325
68,9,200
68,30,175
68,47,175
68,52,575
68,55,375
68,58,200
68,59,500
68,76,200
68,81,350.0000001
68,82,175
68,84,350.0000001
68,85,575
68,91,350.0000001
68,98,550.0000001
68,100,550.0000001
68,103,1150
68,104,350.0000001
68,107,175
68,108,200
68,116,175
68,146,175
68,147,575
69,1,525
69,2,375
69,3,100
69,4,1325
69,5,100
69,6,400
69,7,100
69,8,400
69,9,275
69,11,125
69,16,100
69,22,125
69,24,250.0000001
69,26,100
69,27,125
69,29,125
69,31,400
69,33,275
69,35,125
69,38,125
69,39,100
69,42,100
69,47,250.0000001
69,48,250.0000001
69,50,100
69,51,125
69,52,275
69,55,375
69,59,875
69,62,225
69,67,100
69,74,125
69,76,100
69,80,125
69,81,550.0000001
69,82,100
69,83,100
69,84,275
69,86,125
69,87,250.0000001
69,95,125
69,96,75.00000001
69,97,275
69,98,1050
69,99,275
69,100,125
69,101,125
69,103,825
69,104,300
69,105,400
69,107,250.0000001
69,114,125
69,117,125
69,131,125
69,146,275
69,147,250.0000001
70,1,675
70,2,1350
70,3,425
70,4,1350
70,6,825
70,7,250.0000001
70,8,225
70,9,275
70,14,150.0000001
70,15,150.0000001
70,26,275
70,27,125
70,31,275
70,34,150.0000001
70,38,150.0000001
70,48,125
70,49,150.0000001
70,52,425
70,54,125
70,55,550.0000001
70,58,150.0000001
70,59,2025
70,66,125
70,73,125
70,74,275
70,80,400
70,81,150.0000001
70,84,425
70,85,400
70,87,125
70,91,150.0000001
70,96,125
70,97,250.0000001
70,98,150.0000001
70,100,700
70,103,550.0000001
70,104,400
70,108,275
70,112,125
70,114,975
70,147,275
71,1,675
71,2,175
71,3,200
71,4,1150
71,5,675
71,8,200
71,10,200
71,11,225
71,27,200
71,44,200
71,48,200
71,50,200
71,52,225
71,59,225
71,76,225
71,84,700
71,85,175
71,100,200
71,101,225
71,103,450.0000001
71,104,350.0000001
71,105,700
72,1,125
72,2,475
72,3,300
72,4,325
72,5,150.0000001
72,6,300
72,11,150.0000001
72,14,150.0000001
72,23,125
72,31,150.0000001
72,38,150.0000001
72,47,125
72,52,325
72,58,325
72,59,425
72,84,125
72,85,325
72,86,125
72,88,325
72,98,150.0000001
72,100,150.0000001
72,103,1100
72,104,375
72,131,475
72,147,325
73,1,200
73,2,225
73,4,200
73,6,200
73,8,275
73,24,225
73,38,200
73,47,625
73,52,425
73,54,200
73,55,200
73,59,350.0000001
73,60,225
73,76,200
73,84,225
73,86,425
73,100,650.0000001
73,103,425
73,104,50
73,105,425
73,107,225
73,108,200
73,114,425
73,141,225
74,1,875
74,2,525
74,3,125
74,4,625
74,6,250.0000001
74,8,50
74,15,125
74,16,125
74,23,100
74,24,125
74,26,250.0000001
74,36,125
74,38,125
74,47,100
74,55,250.0000001
74,58,125
74,59,1725
74,60,125
74,67,100
74,73,75.00000001
74,76,225
74,80,250.0000001
74,84,125
74,87,100
74,88,125
74,91,125
74,97,250.0000001
74,98,350.0000001
74,99,125
74,100,125
74,103,125
74,106,125
74,107,100
74,113,100
74,114,250.0000001
74,116,100
75,1,250.0000001
75,59,50
75,84,275
75,98,250.0000001
76,1,600
76,2,600
76,3,300
76,4,850.0000001
76,5,125
76,6,450.0000001
76,8,300
76,9,300
76,10,125
76,15,150.0000001
76,27,275
76,29,150.0000001
76,31,275
76,34,150.0000001
76,39,150.0000001
76,47,125
76,48,125
76,52,725
76,54,150.0000001
76,55,725
76,58,600
76,59,1125
76,60,450.0000001
76,61,300
76,67,150.0000001
76,68,150.0000001
76,69,300
76,72,125
76,74,275
76,77,600
76,79,300
76,80,275
76,81,425
76,83,150.0000001
76,84,150.0000001
76,85,875
76,87,300
76,88,875
76,89,150.0000001
76,90,150.0000001
76,91,275
76,94,125
76,95,125
76,97,300
76,98,850.0000001
76,100,875
76,101,300
76,103,2500.000001
76,104,1275
76,105,850.0000001
76,113,125
76,114,275
76,131,150.0000001
76,139,125
76,147,275
77,1,525
77,2,400
77,3,100
77,4,400
77,6,275
77,8,275
77,9,125
77,14,125
77,22,275
77,25,100
77,27,125
77,47,375
77,52,400
77,55,400
77,58,125
77,59,525
77,62,75.00000001
77,73,75.00000001
77,74,125
77,75,125
77,76,125
77,79,125
77,80,125
77,81,400
77,82,125
77,84,800
77,85,125
77,86,125
77,90,275
77,91,100
77,92,275
77,98,100
77,99,100
77,100,925
77,101,275
77,102,250.0000001
77,103,925
77,104,275
77,105,675
77,106,100
77,107,100
77,114,275
77,120,125
77,121,125
77,131,400
77,147,275
78,58,175
78,77,175
78,88,150.0000001
78,97,175
79,1,825
79,2,275
79,3,250.0000001
79,4,850.0000001
79,5,250.0000001
79,6,425
79,7,400
79,8,700
79,11,275
79,24,125
79,25,125
79,26,125
79,47,400
79,52,150.0000001
79,54,150.0000001
79,55,1150
79,57,150.0000001
79,58,275
79,59,575
79,61,150.0000001
79,64,150.0000001
79,66,150.0000001
79,71,150.0000001
79,72,125
79,74,150.0000001
79,76,150.0000001
79,80,275
79,81,275
79,82,125
79,84,850.0000001
79,85,575
79,86,150.0000001
79,87,125
79,88,150.0000001
79,91,125
79,92,425
79,94,125
79,95,150.0000001
79,97,150.0000001
79,98,400
79,99,275
79,100,725
79,101,575
79,102,125
79,103,1575
79,104,850.0000001
79,105,400
79,106,150.0000001
79,114,275
79,117,150.0000001
79,131,150.0000001
79,141,150.0000001
79,147,425
80,1,225
80,4,225
80,6,250.0000001
80,7,475
80,8,250.0000001
80,9,225
80,16,250.0000001
80,27,500
80,30,250.0000001
80,44,225
80,47,475
80,49,250.0000001
80,52,500
80,55,250.0000001
80,58,250.0000001
80,59,500
80,72,225
80,84,250.0000001
80,96,600
80,97,250.0000001
80,98,600
80,100,750.0000001
80,101,500
80,103,750.0000001
80,104,600
80,107,225
80,113,225
80,131,250.0000001
81,1,125
81,2,725
81,3,150.0000001
81,4,575
81,5,125
81,6,425
81,8,350.0000001
81,10,575
81,12,450.0000001
81,14,125
81,16,150.0000001
81,19,300
81,21,150.0000001
81,22,300
81,24,425
81,25,275
81,26,150.0000001
81,27,600
81,30,875
81,31,450.0000001
81,35,300
81,36,150.0000001
81,39,150.0000001
81,44,125
81,48,125
81,49,575
81,50,250.0000001
81,52,450.0000001
81,54,300
81,55,150.0000001
81,58,450.0000001
81,59,775
81,61,150.0000001
81,62,100
81,66,450.0000001
81,67,150.0000001
81,69,150.0000001
81,72,125
81,77,150.0000001
81,80,125
81,82,600
81,83,150.0000001
81,84,275
81,85,750.0000001
81,86,300
81,87,450.0000001
81,88,150.0000001
81,91,150.0000001
81,94,275
81,95,450.0000001
81,97,300
81,98,900
81,99,300
81,100,750.0000001
81,102,750.0000001
81,103,1825
81,104,750.0000001
81,105,275
81,106,275
81,107,125
81,108,125
81,109,300
81,112,150.0000001
81,113,275
81,114,750.0000001
81,115,150.0000001
81,116,150.0000001
81,117,150.0000001
81,119,150.0000001
81,124,150.0000001
81,131,150.0000001
81,133,150.0000001
81,141,150.0000001
81,143,150.0000001
81,146,125
81,147,750.0000001
82,1,125
82,2,450.0000001
82,5,125
82,6,300
82,7,250.0000001
82,8,150.0000001
82,9,450.0000001
82,10,125
82,12,150.0000001
82,23,300
82,24,125
82,27,125
82,29,300
82,30,625
82,31,150.0000001
82,35,150.0000001
82,47,125
82,50,100
82,52,150.0000001
82,55,625
82,58,450.0000001
82,59,300
82,81,425
82,84,150.0000001
82,85,150.0000001
82,90,150.0000001
82,92,150.0000001
82,96,125
82,97,300
82,98,250.0000001
82,99,425
82,100,775
82,101,275
82,103,1850
82,104,375
82,105,425
82,106,150.0000001
82,107,150.0000001
82,114,625
82,119,150.0000001
82,135,150.0000001
82,138,225
82,141,150.0000001
82,147,125
83,1,225
83,2,300
83,3,325
83,5,300
83,8,175
83,9,325
83,20,150.0000001
83,26,175
83,30,175
83,36,175
83,46,175
83,52,175
83,58,150.0000001
83,59,475
83,80,150.0000001
83,84,325
83,85,150.0000001
83,87,150.0000001
83,94,150.0000001
83,98,150.0000001
83,99,150.0000001
83,100,175
83,103,500
83,104,575
83,105,175
83,106,175
83,121,175
83,147,175
84,2,1100
84,3,125
84,4,400
84,5,275
84,6,425
84,8,125
84,9,150.0000001
84,18,125
84,23,250.0000001
84,24,125
84,26,275
84,27,550.0000001
84,30,525
84,31,150.0000001
84,34,125
84,36,275
84,37,125
84,44,125
84,52,150.0000001
84,55,550.0000001
84,58,125
84,59,275
84,61,150.0000001
84,62,75.00000001
84,63,125
84,72,250.0000001
84,74,125
84,81,425
84,82,150.0000001
84,83,150.0000001
84,85,700
84,86,125
84,88,150.0000001
84,90,150.0000001
84,91,125
84,92,150.0000001
84,97,425
84,98,400
84,99,275
84,100,700
84,101,150.0000001
84,102,150.0000001
84,103,1675
84,104,675
84,106,150.0000001
84,107,150.0000001
84,109,150.0000001
84,113,125
84,114,275
84,115,150.0000001
84,139,125
84,147,275
86,1,400
86,2,400
86,3,100
86,4,100
86,5,250.0000001
86,6,250.0000001
86,7,100
86,8,250.0000001
86,9,250.0000001
86,27,275
86,39,125
86,48,100
86,49,125
86,52,125
86,55,100
86,57,125
86,58,275
86,59,300
86,64,125
86,67,100
86,72,275
86,80,400
86,81,125
86,82,100
86,84,250.0000001
86,85,125
86,87,375
86,88,250.0000001
86,91,525
86,92,275
86,95,275
86,96,100
86,97,400
86,98,650.0000001
86,100,275
86,101,275
86,103,1225
86,104,475
86,105,525
86,106,125
86,107,100
86,109,125
86,110,125
86,114,550.0000001
86,131,275
86,143,125
86,144,250.0000001
86,146,125
86,147,250.0000001
87,5,325
87,16,325
87,47,625
87,52,650.0000001
87,55,325
87,58,975
87,59,1125
87,67,325
87,80,300
87,82,325
87,83,300
87,85,325
87,86,300
87,89,325
87,100,325
87,103,650.0000001
87,104,225
87,120,325
88,1,225
88,2,775
88,3,500
88,4,225
88,5,100
88,6,225
88,7,100
88,8,400
88,9,250.0000001
88,12,250.0000001
88,16,100
88,21,125
88,24,100
88,26,100
88,27,350.0000001
88,30,125
88,31,125
88,35,250.0000001
88,47,225
88,49,125
88,50,225
88,52,525
88,55,350.0000001
88,58,500
88,59,1250
88,68,125
88,72,100
88,74,125
88,81,100
88,82,250.0000001
88,84,650.0000001
88,85,650.0000001
88,86,375
88,87,375
88,91,500
88,92,250.0000001
88,94,375
88,96,225
88,97,125
88,98,625
88,99,125
88,100,125
88,101,250.0000001
88,102,125
88,103,2300
88,104,775
88,105,350.0000001
88,106,225
88,107,125
88,114,100
88,115,250.0000001
88,118,75.00000001
88,131,1800
88,135,125
88,141,250.0000001
88,142,125
88,147,125
89,2,125
89,4,100
89,5,375
89,8,175
89,10,125
89,26,125
89,44,250.0000001
89,47,100
89,49,125
89,52,125
89,58,125
89,59,575
89,72,100
89,80,100
89,81,100
89,82,250.0000001
89,85,225
89,86,125
89,88,650.0000001
89,91,375
89,98,100
89,99,125
89,100,250.0000001
89,101,100
89,103,400
89,104,300
89,105,125
89,107,100
89,112,125
89,133,100
89,134,125
90,1,825
90,2,575
90,3,400
90,4,250.0000001
90,5,125
90,6,400
90,7,125
90,8,1250
90,9,125
90,11,275
90,27,275
90,29,275
90,30,150.0000001
90,32,125
90,35,275
90,45,150.0000001
90,47,125
90,48,125
90,49,125
90,52,425
90,58,150.0000001
90,59,1025
90,65,150.0000001
90,72,2700
90,80,250.0000001
90,81,150.0000001
90,84,975
90,85,725
90,86,275
90,87,150.0000001
90,88,275
90,89,275
90,91,250.0000001
90,92,150.0000001
90,94,125
90,97,275
90,98,400
90,99,150.0000001
90,100,275
90,101,725
90,102,250.0000001
90,103,1575
90,104,600
90,105,975
90,106,400
90,114,425
90,131,3600
90,142,150.0000001
90,147,725
91,1,1475
91,2,250.0000001
91,3,475
91,4,1225
91,6,1475
91,7,200
91,8,325
91,9,250.0000001
91,22,250.0000001
91,24,750.0000001
91,35,250.0000001
91,41,250.0000001
91,45,225
91,47,975
91,52,500
91,53,250.0000001
91,55,475
91,58,500
91,59,1475
91,62,200
91,67,225
91,72,225
91,80,225
91,84,725
91,85,1250
91,86,225
91,88,750.0000001
91,90,250.0000001
91,94,225
91,96,225
91,98,475
91,99,225
91,100,500
91,101,250.0000001
91,102,225
91,103,2000
91,104,325
91,105,475
91,111,500
91,113,225
91,114,750.0000001
91,121,250.0000001
91,131,750.0000001
91,147,1000
92,1,1825
92,2,775
92,3,925
92,4,1650
92,5,900
92,6,1075
92,7,425
92,8,950.0000001
92,9,275
92,10,125
92,11,150.0000001
92,13,150.0000001
92,17,300
92,22,300
92,24,150.0000001
92,25,125
92,26,150.0000001
92,27,300
92,30,450.0000001
92,31,150.0000001
92,33,150.0000001
92,36,150.0000001
92,38,150.0000001
92,42,125
92,43,150.0000001
92,44,300
92,45,150.0000001
92,47,125
92,48,125
92,51,150.0000001
92,52,1225
92,54,150.0000001
92,55,925
92,58,625
92,59,2225
92,60,150.0000001
92,61,275
92,63,150.0000001
92,70,150.0000001
92,72,425
92,74,150.0000001
92,80,275
92,81,925
92,82,450.0000001
92,84,2600
92,85,1050
92,86,450.0000001
92,87,900
92,88,300
92,89,450.0000001
92,90,925
92,91,2275
92,94,750.0000001
92,95,450.0000001
92,96,125
92,97,925
92,98,750.0000001
92,99,450.0000001
92,100,1825
92,101,775
92,102,125
92,103,6100
92,104,2900
92,105,2275
92,106,625
92,107,275
92,109,150.0000001
92,110,150.0000001
92,112,125
92,113,600
92,114,1375
92,115,150.0000001
92,118,100
92,120,150.0000001
92,123,150.0000001
92,131,2750
92,134,150.0000001
92,141,1075
92,142,150.0000001
92,143,150.0000001
92,147,1225
94,1,500
94,2,2075
94,3,1025
94,4,2075
94,5,625
94,6,1850
94,7,375
94,8,850.0000001
94,9,275
94,10,400
94,12,125
94,13,125
94,15,125
94,19,125
94,22,100
94,24,125
94,25,275
94,26,125
94,27,275
94,29,125
94,30,125
94,35,125
94,38,125
94,41,125
94,44,125
94,45,100
94,47,375
94,52,1050
94,54,100
94,55,1175
94,58,400
94,59,1050
94,62,50
94,70,125
94,72,100
94,74,125
94,75,125
94,76,250.0000001
94,80,125
94,81,775
94,82,275
94,84,2500.000001
94,85,1325
94,86,275
94,87,525
94,88,900
94,89,275
94,90,400
94,91,1700
94,92,1025
94,95,100
94,96,75.00000001
94,97,275
94,98,775
94,99,250.0000001
94,100,1050
94,101,400
94,102,100
94,103,3950
94,104,2000
94,105,1700
94,106,125
94,107,100
94,109,125
94,112,100
94,113,250.0000001
94,114,1725
94,131,400
94,141,400
94,142,125
94,143,125
94,146,125
94,147,1050
95,1,600
95,2,150.0000001
95,3,875
95,4,125
95,5,275
95,8,150.0000001
95,9,125
95,11,150.0000001
95,22,150.0000001
95,23,150.0000001
95,25,125
95,26,150.0000001
95,27,425
95,35,150.0000001
95,44,275
95,48,125
95,52,600
95,55,425
95,59,600
95,60,150.0000001
95,61,150.0000001
95,66,125
95,68,150.0000001
95,70,275
95,72,125
95,80,150.0000001
95,81,150.0000001
95,83,300
95,84,875
95,85,600
95,86,275
95,87,750.0000001
95,88,450.0000001
95,91,425
95,92,300
95,94,875
95,97,150.0000001
95,98,450.0000001
95,99,125
95,100,450.0000001
95,103,2225
95,104,650.0000001
95,105,425
95,112,150.0000001
95,113,300
95,114,150.0000001
95,131,1625
95,141,900
95,147,150.0000001
96,25,125
96,52,150.0000001
96,58,300
96,80,125
96,85,125
96,99,125
96,104,125
96,112,150.0000001
96,114,150.0000001
97,1,125
97,2,825
97,3,100
97,4,100
97,5,100
97,6,100
97,7,100
97,8,325
97,9,400
97,11,125
97,17,100
97,21,125
97,22,125
97,27,100
97,30,250.0000001
97,33,400
97,36,125
97,42,100
97,44,100
97,49,125
97,50,100
97,55,400
97,58,275
97,59,1175
97,67,250.0000001
97,68,125
97,79,275
97,80,275
97,82,125
97,83,125
97,84,275
97,85,125
97,91,100
97,92,125
97,96,75.00000001
97,98,550.0000001
97,99,275
97,100,400
97,101,275
97,102,550.0000001
97,103,950.0000001
97,104,1050
97,105,375
97,108,100
97,109,125
97,110,125
97,112,275
97,113,100
97,114,275
97,117,125
97,141,275
97,144,125
97,147,100
98,1,125
98,2,300
98,5,175
98,6,175
98,7,150.0000001
98,8,175
98,18,150.0000001
98,22,175
98,24,150.0000001
98,27,175
98,28,550.0000001
98,30,150.0000001
98,31,550.0000001
98,33,175
98,35,175
98,38,350.0000001
98,42,175
98,44,150.0000001
98,52,175
98,54,150.0000001
98,55,725
98,58,725
98,59,700
98,66,375
98,80,175
98,83,350.0000001
98,84,725
98,85,350.0000001
98,87,150.0000001
98,91,150.0000001
98,92,175
98,94,150.0000001
98,96,350.0000001
98,97,175
98,99,350.0000001
98,100,1275
98,101,175
98,102,725
98,103,725
98,104,625
98,105,525
98,106,175
98,108,175
98,109,175
98,112,175
98,114,725
98,116,175
98,117,175
99,4,175
99,6,150.0000001
99,19,175
99,30,175
99,31,175
99,38,175
99,59,100
99,67,150.0000001
99,97,175
99,100,175
99,103,175
99,106,175
99,108,150.0000001
99,109,150.0000001
100,1,425
100,2,450.0000001
100,3,125
100,5,125
100,7,275
100,8,25.00000001
100,10,150.0000001
100,28,150.0000001
100,30,125
100,47,125
100,52,300
100,59,350.0000001
100,80,150.0000001
100,81,150.0000001
100,82,275
100,84,150.0000001
100,85,125
100,88,300
100,96,125
100,97,300
100,98,450.0000001
100,99,125
100,101,600
100,102,275
100,103,1225
100,104,100
100,105,125
100,106,150.0000001
100,107,125
101,1,150.0000001
101,2,150.0000001
101,3,175
101,4,125
101,5,150.0000001
101,7,475
101,8,75.00000001
101,11,175
101,17,150.0000001
101,22,175
101,24,150.0000001
101,25,475
101,27,300
101,29,325
101,30,175
101,36,175
101,45,175
101,47,475
101,50,125
101,55,675
101,58,675
101,59,350.0000001
101,69,175
101,75,175
101,81,150.0000001
101,83,175
101,84,475
101,86,175
101,87,325
101,88,175
101,91,150.0000001
101,96,300
101,97,325
101,98,300
101,99,500
101,100,850.0000001
101,102,500
101,103,1350
101,104,1400
101,105,150.0000001
101,106,175
101,107,300
101,108,150.0000001
101,111,325
101,114,325
101,118,150.0000001
101,120,175
101,142,175
101,147,325
102,2,100
102,3,100
102,8,25.00000001
102,27,100
102,30,125
102,31,100
102,33,100
102,58,225
102,59,150.0000001
102,82,100
102,84,100
102,98,350.0000001
102,100,125
102,101,225
102,103,125
102,104,300
102,105,100
102,107,100
102,109,100
102,114,125
102,146,125
102,147,225
103,104,50
104,1,300
104,3,275
104,6,275
104,7,125
104,8,100
104,11,150.0000001
104,18,150.0000001
104,28,150.0000001
104,48,125
104,55,150.0000001
104,58,125
104,59,50
104,60,150.0000001
104,67,125
104,69,150.0000001
104,84,125
104,86,125
104,91,150.0000001
104,95,150.0000001
104,97,150.0000001
104,99,150.0000001
104,100,150.0000001
104,101,850.0000001
104,102,125
104,103,450.0000001
104,105,125
104,109,150.0000001
104,113,125
104,141,150.0000001
104,146,150.0000001
106,1,125
106,2,100
106,4,100
106,7,250.0000001
106,8,125
106,29,125
106,30,125
106,31,125
106,33,125
106,45,125
106,47,100
106,48,100
106,51,125
106,52,125
106,54,125
106,55,275
106,58,125
106,59,175
106,63,100
106,80,100
106,85,100
106,86,125
106,87,100
106,88,275
106,97,125
106,98,100
106,99,125
106,100,525
106,101,500
106,102,125
106,103,1600
106,104,400
106,105,250.0000001
106,107,125
106,108,100
106,113,500
106,114,400
106,115,125
106,120,125
106,126,125
106,137,125
107,2,150.0000001
107,4,225
107,7,125
107,8,100
107,9,150.0000001
107,10,150.0000001
107,19,150.0000001
107,22,150.0000001
107,24,125
107,25,275
107,26,150.0000001
107,27,300
107,30,300
107,31,450.0000001
107,35,150.0000001
107,48,125
107,54,150.0000001
107,55,275
107,58,125
107,59,250.0000001
107,63,125
107,72,125
107,81,150.0000001
107,84,275
107,98,125
107,99,150.0000001
107,100,600
107,101,600
107,102,125
107,103,150.0000001
107,104,525
107,106,150.0000001
107,108,125
107,111,150.0000001
107,113,150.0000001
107,114,450.0000001
107,117,300
107,147,150.0000001
108,3,125
108,8,250.0000001
108,30,150.0000001
108,35,300
108,58,150.0000001
108,59,600
108,61,125
108,81,150.0000001
108,96,125
108,97,150.0000001
108,99,150.0000001
108,102,125
108,103,150.0000001
108,104,350.0000001
108,107,125
109,1,100
109,2,125
109,3,100
109,4,125
109,5,100
109,6,250.0000001
109,8,50
109,9,100
109,10,100
109,18,125
109,19,125
109,21,125
109,23,125
109,25,250.0000001
109,27,275
109,29,125
109,30,275
109,31,400
109,35,125
109,45,100
109,47,100
109,49,100
109,58,400
109,59,450.0000001
109,74,100
109,81,275
109,84,275
109,85,100
109,90,125
109,91,125
109,97,400
109,98,375
109,99,125
109,100,275
109,101,275
109,102,550.0000001
109,103,550.0000001
109,104,400
109,106,100
109,107,100
109,108,100
109,114,675
109,117,275
109,121,125
109,146,125
110,1,175
110,2,550.0000001
110,3,175
110,4,175
110,6,200
110,7,175
110,8,525
110,9,200
110,10,175
110,11,200
110,19,200
110,25,175
110,30,175
110,31,200
110,38,200
110,49,200
110,55,575
110,58,200
110,59,1175
110,67,200
110,80,400
110,84,175
110,85,200
110,91,200
110,96,175
110,97,200
110,98,550.0000001
110,100,575
110,101,975
110,102,1375
110,103,775
110,104,525
110,105,400
110,109,200
110,112,200
110,113,175
110,114,575
110,121,200
110,124,200
110,131,200
110,141,200
110,144,200
111,1,100
111,2,300
111,3,575
111,4,300
111,6,300
111,7,125
111,8,300
111,9,150.0000001
111,10,125
111,12,150.0000001
111,17,125
111,22,150.0000001
111,23,150.0000001
111,25,125
111,26,125
111,27,150.0000001
111,30,600
111,32,125
111,39,150.0000001
111,42,150.0000001
111,47,125
111,49,125
111,55,450.0000001
111,58,275
111,59,225
111,69,150.0000001
111,77,150.0000001
111,80,125
111,83,150.0000001
111,84,150.0000001
111,85,150.0000001
111,88,275
111,92,150.0000001
111,97,150.0000001
111,98,125
111,99,300
111,100,300
111,101,450.0000001
111,102,750.0000001
111,103,300
111,104,250.0000001
111,107,125
111,108,300
111,109,450.0000001
111,112,150.0000001
111,113,125
111,114,875
111,115,150.0000001
111,116,150.0000001
111,117,300
111,118,100
111,120,600
111,147,300
112,1,275
112,2,150.0000001
112,4,150.0000001
112,6,150.0000001
112,7,275
112,8,200
112,9,300
112,10,450.0000001
112,12,125
112,18,125
112,22,150.0000001
112,24,125
112,25,150.0000001
112,26,150.0000001
112,27,575
112,29,300
112,30,300
112,35,300
112,38,150.0000001
112,49,125
112,50,125
112,52,150.0000001
112,54,150.0000001
112,55,600
112,58,450.0000001
112,59,1150
112,67,125
112,81,125
112,82,125
112,84,150.0000001
112,87,125
112,91,150.0000001
112,96,275
112,97,300
112,98,875
112,99,150.0000001
112,100,450.0000001
112,101,450.0000001
112,102,125
112,103,750.0000001
112,104,375
112,105,150.0000001
112,106,150.0000001
112,107,125
112,108,125
112,111,150.0000001
112,114,600
112,117,300
112,118,100
112,141,150.0000001
112,147,600
113,2,125
113,4,250.0000001
113,6,125
113,8,75.00000001
113,9,100
113,11,125
113,18,100
113,30,125
113,31,125
113,52,125
113,59,275
113,69,125
113,84,275
113,91,125
113,96,225
113,99,125
113,100,400
113,103,400
113,104,325
113,105,275
113,109,125
113,112,125
113,114,525
114,1,125
114,2,125
114,3,125
114,4,300
114,5,275
114,6,450.0000001
114,8,125
114,9,275
114,11,300
114,22,125
114,25,150.0000001
114,26,125
114,27,300
114,29,150.0000001
114,30,125
114,31,300
114,35,150.0000001
114,47,125
114,48,150.0000001
114,52,150.0000001
114,58,150.0000001
114,59,1000
114,80,150.0000001
114,81,425
114,82,275
114,84,600
114,85,300
114,87,150.0000001
114,88,150.0000001
114,98,125
114,99,300
114,100,150.0000001
114,101,450.0000001
114,102,275
114,103,875
114,104,975
114,105,275
114,106,150.0000001
114,107,150.0000001
114,109,150.0000001
114,112,150.0000001
114,117,300
114,131,150.0000001
114,139,125
114,144,275
114,147,125
115,1,675
115,2,1100
115,3,275
115,4,700
115,5,525
115,6,1100
115,7,250.0000001
115,8,450.0000001
115,9,975
115,11,425
115,14,150.0000001
115,18,125
115,19,275
115,26,150.0000001
115,27,125
115,30,150.0000001
115,31,125
115,35,550.0000001
115,44,150.0000001
115,47,400
115,55,125
115,58,700
115,59,2625
115,66,125
115,74,125
115,76,150.0000001
115,80,400
115,81,425
115,84,150.0000001
115,85,425
115,88,150.0000001
115,91,125
115,97,550.0000001
115,98,275
115,100,150.0000001
115,101,425
115,102,150.0000001
115,103,1400
115,104,950.0000001
115,105,400
115,107,125
115,108,675
115,111,150.0000001
115,112,525
115,114,1250
115,116,125
115,117,275
115,120,150.0000001
115,133,125
115,141,150.0000001
115,142,150.0000001
115,147,275
116,1,375
116,2,675
116,3,100
116,4,275
116,5,525
116,6,100
116,7,100
116,8,150.0000001
116,9,125
116,10,250.0000001
116,11,275
116,12,275
116,13,125
116,14,275
116,19,125
116,24,100
116,25,125
116,26,100
116,27,100
116,29,125
116,30,100
116,33,125
116,34,100
116,48,125
116,49,250.0000001
116,52,550.0000001
116,55,125
116,58,400
116,59,750.0000001
116,72,100
116,81,125
116,82,275
116,85,125
116,86,275
116,88,100
116,92,125
116,95,125
116,96,225
116,98,400
116,99,275
116,100,125
116,101,275
116,102,650.0000001
116,103,825
116,104,475
116,105,100
116,106,100
116,107,250.0000001
116,109,125
116,111,275
116,113,375
116,114,825
116,115,125
116,117,125
116,119,125
116,120,275
116,126,125
116,144,100
117,1,650.0000001
117,2,650.0000001
117,3,275
117,4,500
117,5,375
117,6,100
117,7,500
117,8,100
117,9,275
117,10,250.0000001
117,14,375
117,19,125
117,23,125
117,24,125
117,26,125
117,27,525
117,28,125
117,29,125
117,30,275
117,31,125
117,35,650.0000001
117,38,125
117,43,125
117,45,125
117,52,125
117,54,100
117,55,525
117,58,100
117,59,375
117,80,250.0000001
117,81,625
117,84,100
117,85,400
117,86,100
117,87,125
117,89,125
117,96,350.0000001
117,97,125
117,98,375
117,99,275
117,100,925
117,101,400
117,102,375
117,103,1050
117,104,450.0000001
117,105,100
117,108,250.0000001
117,109,400
117,111,275
117,112,125
117,113,400
117,114,525
117,118,75.00000001
117,121,275
117,131,125
117,132,250.0000001
117,133,125
117,141,125
117,142,125
117,146,125
117,147,100
118,1,100
118,5,100
118,6,100
118,7,100
118,8,50
118,16,125
118,58,275
118,59,250.0000001
118,103,125
118,104,125
118,110,100
118,112,125
118,114,100
118,147,100
119,2,600
119,6,125
119,9,275
119,18,125
119,22,150.0000001
119,25,125
119,29,150.0000001
119,30,125
119,35,150.0000001
119,49,125
119,55,125
119,58,125
119,59,150.0000001
119,80,275
119,84,150.0000001
119,97,150.0000001
119,98,125
119,101,125
119,104,75.00000001
119,106,150.0000001
119,109,150.0000001
119,112,150.0000001
119,114,625
119,116,150.0000001
119,120,150.0000001
119,121,150.0000001
119,144,125
120,1,375
120,2,675
120,3,250.0000001
120,4,900
120,6,925
120,8,575
120,9,100
120,11,400
120,24,125
120,26,125
120,27,1050
120,30,400
120,31,125
120,33,125
120,38,125
120,39,100
120,49,100
120,52,275
120,55,400
120,58,525
120,59,750.0000001
120,74,275
120,77,125
120,80,125
120,81,275
120,82,125
120,84,500
120,85,800
120,88,275
120,89,125
120,91,100
120,92,125
120,96,250.0000001
120,97,125
120,98,100
120,99,125
120,100,1075
120,101,525
120,102,375
120,103,1475
120,104,1050
120,107,100
120,109,275
120,112,125
120,113,100
120,114,2125
120,117,125
120,121,125
120,123,125
120,131,125
120,133,100
120,146,275
120,147,275
121,99,325
121,102,300
121,109,325
121,146,300
122,3,150.0000001
122,21,150.0000001
122,28,150.0000001
122,58,125
122,59,75.00000001
122,64,150.0000001
122,92,125
122,94,125
122,101,150.0000001
122,105,275
122,108,125
122,147,125
123,6,125
123,8,25.00000001
123,100,150.0000001
123,104,75.00000001
123,146,150.0000001
124,2,275
124,3,1050
124,5,225
124,10,275
124,12,250.0000001
124,14,275
124,27,275
124,31,275
124,33,275
124,52,800
124,55,275
124,59,100
124,85,275
124,100,275
124,101,275
124,104,125
124,107,275
124,114,275
124,116,250.0000001
124,117,275
124,147,275
132,104,150.0000001
133,104,125
134,8,250.0000001
134,59,200
134,104,50
135,104,125
136,59,100
136,104,125
137,59,100
138,59,400
139,59,275
139,104,75.00000001
141,8,125
141,59,625
141,104,350.0000001
142,104,25.00000001
143,104,75.00000001
144,59,725
144,104,150.0000001
145,104,75.00000001
146,8,100
146,59,250.0000001
146,104,150.0000001
147,146,150.0000001
