from,to,capacity,length,fft,alpha,beta
1,1036,800,0.24,0.0125,0.1,1.5
1,1050,2000,0.31,0.0125,0.1,1.5
2,975,1000,0.23,0.0125,0.1,1.5
2,990,800,0.23,0.0125,0.1,1.5
2,993,2000,0.34,0.0125,0.1,1.5
3,966,1000,0.23,0.0125,0.1,1.5
3,1000,800,0.23,0.0125,0.1,1.5
3,1020,2000,0.23,0.0125,0.1,1.5
3,1022,1000,0.19,0.0125,0.1,1.5
4,969,800,0.18,0.0125,0.1,1.5
4,997,2000,0.18,0.0125,0.1,1.5
4,1007,1000,0.18,0.0125,0.1,1.5
4,1009,800,0.18,0.0125,0.1,1.5
4,1017,2000,0.21,0.0125,0.1,1.5
5,882,1000,0.26,0.0125,0.1,1.5
5,912,800,0.31,0.0125,0.1,1.5
5,913,2000,0.23,0.0125,0.1,1.5
6,890,1000,0.18,0.0125,0.1,1.5
6,916,800,0.24,0.0125,0.1,1.5
6,919,2000,0.11,0.0125,0.1,1.5
7,941,1000,0.35,0.0125,0.1,1.5
7,942,800,0.32,0.0125,0.1,1.5
7,944,2000,0.29,0.0125,0.1,1.5
7,946,1000,0.32,0.0125,0.1,1.5
7,948,800,0.35,0.0125,0.1,1.5
8,895,2000,0.21,0.0125,0.1,1.5
8,922,1000,0.23,0.0125,0.1,1.5
9,1048,800,0.1,0.0125,0.1,1.5
10,773,2000,0.4,0.0125,0.1,1.5
10,1047,1000,0.61,0.0125,0.1,1.5
11,161,800,0.4,0.0125,0.1,1.5
11,189,2000,0.4,0.0125,0.1,1.5
12,162,1000,0.4,0.0125,0.1,1.5
12,188,800,0.45,0.0125,0.1,1.5
13,165,2000,0.34,0.0125,0.1,1.5
14,164,1000,0.48,0.0125,0.1,1.5
14,186,800,0.45,0.0125,0.1,1.5
14,204,2000,0.92,0.0125,0.1,1.5
15,166,1000,0.29,0.0125,0.1,1.5
15,183,800,0.19,0.0125,0.1,1.5
16,207,2000,0.76,0.0125,0.1,1.5
16,221,1000,0.53,0.0125,0.1,1.5
17,168,800,0.4,0.0125,0.1,1.5
17,201,2000,0.98,0.0125,0.1,1.5
18,171,1000,0.68,0.0125,0.1,1.5
18,181,800,0.69,0.0125,0.1,1.5
18,198,2000,0.69,0.0125,0.1,1.5
19,203,1000,0.76,0.0125,0.1,1.5
19,219,800,0.5,0.0125,0.1,1.5
19,222,2000,0.4,0.0125,0.1,1.5
20,172,1000,0.64,0.0125,0.1,1.5
20,197,800,0.64,0.0125,0.1,1.5
21,175,2000,0.31,0.0125,0.1,1.5
21,214,1000,1.51,0.0125,0.1,1.5
22,288,800,0.32,0.0125,0.1,1.5
23,304,2000,0.26,0.0125,0.1,1.5
24,291,1000,0.43,0.0125,0.1,1.5
24,303,800,0.43,0.0125,0.1,1.5
25,233,2000,0.32,0.0125,0.1,1.5
25,234,1000,0.24,0.0125,0.1,1.5
26,285,800,0.21,0.0125,0.1,1.5
27,311,2000,0.19,0.0125,0.1,1.5
28,230,1000,0.45,0.0125,0.1,1.5
28,249,800,0.42,0.0125,0.1,1.5
29,243,2000,0.24,0.0125,0.1,1.5
30,265,1000,0.35,0.0125,0.1,1.5
30,272,800,0.35,0.0125,0.1,1.5
31,250,2000,0.8,0.0125,0.1,1.5
31,252,1000,1.08,0.0125,0.1,1.5
32,272,800,0.31,0.0125,0.1,1.5
33,299,2000,0.37,0.0125,0.1,1.5
33,300,1000,0.37,0.0125,0.1,1.5
33,316,800,0.34,0.0125,0.1,1.5
33,317,2000,0.48,0.0125,0.1,1.5
34,298,1000,0.34,0.0125,0.1,1.5
35,399,800,0.23,0.0125,0.1,1.5
36,320,2000,0.32,0.0125,0.1,1.5
37,323,1000,0.34,0.0125,0.1,1.5
38,313,800,1.03,0.0125,0.1,1.5
38,366,2000,1.19,0.0125,0.1,1.5
38,372,1000,0.8,0.0125,0.1,1.5
38,377,800,1.03,0.0125,0.1,1.5
39,352,2000,0.23,0.0125,0.1,1.5
40,354,1000,0.24,0.0125,0.1,1.5
41,327,800,0.19,0.0125,0.1,1.5
42,328,2000,0.51,0.0125,0.1,1.5
42,329,1000,0.47,0.0125,0.1,1.5
43,358,800,0.47,0.0125,0.1,1.5
44,337,2000,0.53,0.0125,0.1,1.5
44,338,1000,0.58,0.0125,0.1,1.5
44,349,800,0.61,0.0125,0.1,1.5
45,378,2000,0.82,0.0125,0.1,1.5
45,389,1000,0.82,0.0125,0.1,1.5
46,341,800,0.51,0.0125,0.1,1.5
46,346,2000,0.53,0.0125,0.1,1.5
46,362,1000,1.83,0.0125,0.1,1.5
47,406,800,0.24,0.0125,0.1,1.5
47,407,2000,0.24,0.0125,0.1,1.5
47,408,1000,0.64,0.0125,0.1,1.5
48,415,800,0.27,0.0125,0.1,1.5
49,492,2000,0.18,0.0125,0.1,1.5
50,417,1000,0.51,0.0125,0.1,1.5
51,416,800,0.45,0.0125,0.1,1.5
51,425,2000,0.35,0.0125,0.1,1.5
52,426,1000,0.42,0.0125,0.1,1.5
52,488,800,0.39,0.0125,0.1,1.5
52,491,2000,0.48,0.0125,0.1,1.5
52,493,1000,0.48,0.0125,0.1,1.5
53,439,800,0.29,0.0125,0.1,1.5
54,433,2000,0.48,0.0125,0.1,1.5
54,436,1000,0.34,0.0125,0.1,1.5
54,440,800,0.32,0.0125,0.1,1.5
55,434,2000,0.42,0.0125,0.1,1.5
55,479,1000,0.39,0.0125,0.1,1.5
55,483,800,1.14,0.0125,0.1,1.5
56,432,2000,0.55,0.0125,0.1,1.5
56,1057,1000,1.37,0.0125,0.1,1.5
57,441,800,0.31,0.0125,0.1,1.5
58,442,2000,0.31,0.0125,0.1,1.5
58,479,1000,0.53,0.0125,0.1,1.5
59,448,800,0.32,0.0125,0.1,1.5
60,534,2000,0.34,0.0125,0.1,1.5
61,532,1000,0.45,0.0125,0.1,1.5
62,451,800,0.92,0.0125,0.1,1.5
62,459,2000,0.66,0.0125,0.1,1.5
63,446,1000,0.66,0.0125,0.1,1.5
63,470,800,1,0.0125,0.1,1.5
63,473,2000,0.66,0.0125,0.1,1.5
64,452,1000,0.51,0.0125,0.1,1.5
64,468,800,0.61,0.0125,0.1,1.5
64,470,2000,0.8,0.0125,0.1,1.5
65,462,1000,0.4,0.0125,0.1,1.5
66,498,800,0.32,0.0125,0.1,1.5
66,503,2000,0.35,0.0125,0.1,1.5
66,512,1000,0.34,0.0125,0.1,1.5
66,513,800,0.47,0.0125,0.1,1.5
67,513,2000,0.53,0.0125,0.1,1.5
67,518,1000,0.4,0.0125,0.1,1.5
68,511,800,0.35,0.0125,0.1,1.5
68,515,2000,0.26,0.0125,0.1,1.5
69,504,1000,0.34,0.0125,0.1,1.5
69,511,800,0.47,0.0125,0.1,1.5
70,521,2000,0.31,0.0125,0.1,1.5
70,528,1000,1.06,0.0125,0.1,1.5
71,522,800,0.37,0.0125,0.1,1.5
71,526,2000,0.56,0.0125,0.1,1.5
72,509,1000,0.18,0.0125,0.1,1.5
73,505,800,0.4,0.0125,0.1,1.5
73,510,2000,0.39,0.0125,0.1,1.5
73,516,1000,0.55,0.0125,0.1,1.5
74,540,800,0.5,0.0125,0.1,1.5
74,570,2000,0.68,0.0125,0.1,1.5
74,572,1000,0.58,0.0125,0.1,1.5
75,568,800,0.61,0.0125,0.1,1.5
76,542,2000,0.77,0.0125,0.1,1.5
76,566,1000,0.56,0.0125,0.1,1.5
77,548,800,0.56,0.0125,0.1,1.5
77,560,2000,0.47,0.0125,0.1,1.5
78,562,1000,0.84,0.0125,0.1,1.5
79,549,800,0.53,0.0125,0.1,1.5
80,683,2000,0.24,0.0125,0.1,1.5
80,684,1000,0.24,0.0125,0.1,1.5
80,685,800,0.27,0.0125,0.1,1.5
81,582,2000,0.48,0.0125,0.1,1.5
81,583,1000,0.48,0.0125,0.1,1.5
81,591,800,0.48,0.0125,0.1,1.5
82,680,2000,0.29,0.0125,0.1,1.5
82,682,1000,0.29,0.0125,0.1,1.5
83,593,800,0.21,0.0125,0.1,1.5
84,595,2000,0.51,0.0125,0.1,1.5
84,670,1000,0.51,0.0125,0.1,1.5
84,674,800,0.35,0.0125,0.1,1.5
84,675,2000,0.35,0.0125,0.1,1.5
85,662,1000,0.27,0.0125,0.1,1.5
85,668,800,0.19,0.0125,0.1,1.5
86,599,2000,0.34,0.0125,0.1,1.5
87,657,1000,0.35,0.0125,0.1,1.5
88,601,800,0.48,0.0125,0.1,1.5
88,648,2000,0.42,0.0125,0.1,1.5
89,605,1000,0.32,0.0125,0.1,1.5
90,603,800,0.5,0.0125,0.1,1.5
90,642,2000,0.71,0.0125,0.1,1.5
90,643,1000,0.5,0.0125,0.1,1.5
90,647,800,0.71,0.0125,0.1,1.5
91,606,2000,0.58,0.0125,0.1,1.5
91,639,1000,0.55,0.0125,0.1,1.5
92,609,800,0.72,0.0125,0.1,1.5
92,630,2000,0.53,0.0125,0.1,1.5
93,626,1000,1.21,0.0125,0.1,1.5
93,635,800,1.82,0.0125,0.1,1.5
94,608,2000,0.69,0.0125,0.1,1.5
95,618,1000,0.61,0.0125,0.1,1.5
95,625,800,0.97,0.0125,0.1,1.5
96,727,2000,0.16,0.0125,0.1,1.5
97,678,1000,0.42,0.0125,0.1,1.5
97,689,800,0.45,0.0125,0.1,1.5
97,691,2000,0.53,0.0125,0.1,1.5
97,1056,1000,0.53,0.0125,0.1,1.5
98,688,800,0.45,0.0125,0.1,1.5
98,721,2000,0.29,0.0125,0.1,1.5
98,724,1000,0.34,0.0125,0.1,1.5
99,730,800,0.23,0.0125,0.1,1.5
99,732,2000,0.31,0.0125,0.1,1.5
100,671,1000,0.56,0.0125,0.1,1.5
100,691,800,0.64,0.0125,0.1,1.5
100,707,2000,0.53,0.0125,0.1,1.5
100,1056,1000,0.64,0.0125,0.1,1.5
101,718,800,0.39,0.0125,0.1,1.5
101,734,2000,0.39,0.0125,0.1,1.5
102,754,1000,0.29,0.0125,0.1,1.5
102,756,800,0.64,0.0125,0.1,1.5
103,702,2000,0.27,0.0125,0.1,1.5
103,703,1000,0.37,0.0125,0.1,1.5
104,735,800,0.39,0.0125,0.1,1.5
104,739,2000,0.39,0.0125,0.1,1.5
104,740,1000,0.39,0.0125,0.1,1.5
105,699,800,0.37,0.0125,0.1,1.5
106,744,2000,0.6,0.0125,0.1,1.5
106,787,1000,1,0.0125,0.1,1.5
106,791,800,0.69,0.0125,0.1,1.5
107,765,2000,0.39,0.0125,0.1,1.5
107,776,1000,0.43,0.0125,0.1,1.5
108,769,800,0.27,0.0125,0.1,1.5
108,770,2000,0.34,0.0125,0.1,1.5
109,759,1000,0.37,0.0125,0.1,1.5
109,779,800,0.45,0.0125,0.1,1.5
110,808,2000,0.48,0.0125,0.1,1.5
110,810,1000,0.55,0.0125,0.1,1.5
110,813,800,0.45,0.0125,0.1,1.5
110,825,2000,0.42,0.0125,0.1,1.5
111,805,1000,0.5,0.0125,0.1,1.5
111,814,800,0.34,0.0125,0.1,1.5
111,815,2000,0.4,0.0125,0.1,1.5
111,821,1000,0.39,0.0125,0.1,1.5
112,815,800,0.45,0.0125,0.1,1.5
112,816,2000,0.31,0.0125,0.1,1.5
113,783,1000,0.35,0.0125,0.1,1.5
113,784,800,0.39,0.0125,0.1,1.5
114,781,2000,0.58,0.0125,0.1,1.5
114,812,1000,0.31,0.0125,0.1,1.5
114,828,800,0.58,0.0125,0.1,1.5
115,825,2000,0.58,0.0125,0.1,1.5
115,835,1000,0.53,0.0125,0.1,1.5
116,838,800,0.21,0.0125,0.1,1.5
117,841,2000,0.32,0.0125,0.1,1.5
117,842,1000,0.4,0.0125,0.1,1.5
118,846,800,0.34,0.0125,0.1,1.5
118,859,2000,0.76,0.0125,0.1,1.5
119,844,1000,0.37,0.0125,0.1,1.5
119,868,800,0.35,0.0125,0.1,1.5
120,829,2000,0.56,0.0125,0.1,1.5
120,835,1000,0.84,0.0125,0.1,1.5
120,848,800,0.84,0.0125,0.1,1.5
121,858,2000,0.92,0.0125,0.1,1.5
121,866,1000,0.34,0.0125,0.1,1.5
122,864,800,0.42,0.0125,0.1,1.5
123,856,2000,0.8,0.0125,0.1,1.5
124,861,1000,0.45,0.0125,0.1,1.5
125,634,800,0.85,0.0125,0.1,1.5
126,787,2000,0.48,0.0125,0.1,1.5
126,789,1000,0.48,0.0125,0.1,1.5
127,359,800,1.37,0.0125,0.1,1.5
127,390,2000,1.46,0.0125,0.1,1.5
127,398,1000,1.21,0.0125,0.1,1.5
128,573,800,1.14,0.0125,0.1,1.5
128,580,2000,1.14,0.0125,0.1,1.5
129,574,1000,1.37,0.0125,0.1,1.5
129,579,800,1.37,0.0125,0.1,1.5
130,575,2000,1.53,0.0125,0.1,1.5
130,578,1000,1.53,0.0125,0.1,1.5
131,644,800,0.45,0.0125,0.1,1.5
132,176,2000,0.8,0.0125,0.1,1.5
133,213,1000,0.8,0.0125,0.1,1.5
134,262,800,0.8,0.0125,0.1,1.5
135,395,2000,0.8,0.0125,0.1,1.5
136,365,1000,0.8,0.0125,0.1,1.5
136,397,800,0.8,0.0125,0.1,1.5
137,344,2000,0.8,0.0125,0.1,1.5
138,466,1000,0.8,0.0125,0.1,1.5
139,536,800,0.8,0.0125,0.1,1.5
140,553,2000,0.8,0.0125,0.1,1.5
140,554,1000,0.8,0.0125,0.1,1.5
141,576,800,0.8,0.0125,0.1,1.5
141,577,2000,0.8,0.0125,0.1,1.5
142,747,1000,0.8,0.0125,0.1,1.5
143,748,800,0.8,0.0125,0.1,1.5
144,749,2000,0.8,0.0125,0.1,1.5
145,853,1000,0.8,0.0125,0.1,1.5
146,860,800,0.8,0.0125,0.1,1.5
147,1027,2000,0.23,0.0125,0.1,1.5
147,1052,1000,0.21,0.0125,0.1,1.5
148,197,800,0.51,0.0125,0.1,1.5
148,217,2000,0.61,0.0125,0.1,1.5
149,238,1000,0.55,0.0125,0.1,1.5
149,240,800,0.76,0.0125,0.1,1.5
150,343,2000,1.21,0.0125,0.1,1.5
150,364,1000,1.21,0.0125,0.1,1.5
151,469,800,1.59,0.0125,0.1,1.5
152,468,2000,1.59,0.0125,0.1,1.5
153,467,1000,1.21,0.0125,0.1,1.5
154,552,800,0.8,0.0125,0.1,1.5
154,555,2000,2.41,0.0125,0.1,1.5
155,156,1000,0.22,0.0125,0.1,1.5
155,1045,800,0.43,0.0125,0.1,1.5
156,155,2000,0.22,0.0125,0.1,1.5
156,157,1000,0.16,0.0125,0.1,1.5
157,156,800,0.16,0.0125,0.1,1.5
157,158,2000,0.14,0.0125,0.1,1.5
157,193,1000,0.97,0.0125,0.1,1.5
158,157,800,0.14,0.0125,0.1,1.5
158,159,2000,0.4,0.0125,0.1,1.5
158,192,1000,0.6,0.0125,0.1,1.5
159,158,800,0.4,0.0125,0.1,1.5
159,160,2000,0.23,0.0125,0.1,1.5
159,802,1000,0.95,0.0125,0.1,1.5
160,159,800,0.23,0.0125,0.1,1.5
160,161,2000,0.22,0.0125,0.1,1.5
160,190,1000,0.93,0.0125,0.1,1.5
161,11,800,0.4,0.0125,0.1,1.5
161,160,2000,0.22,0.0125,0.1,1.5
161,162,1000,0.39,0.0125,0.1,1.5
162,12,800,0.4,0.0125,0.1,1.5
162,161,2000,0.39,0.0125,0.1,1.5
162,163,1000,0.42,0.0125,0.1,1.5
163,162,800,0.42,0.0125,0.1,1.5
163,164,2000,0.92,0.0125,0.1,1.5
163,187,1000,1.01,0.0125,0.1,1.5
164,14,800,0.48,0.0125,0.1,1.5
164,163,2000,0.92,0.0125,0.1,1.5
164,165,1000,0.35,0.0125,0.1,1.5
165,13,800,0.34,0.0125,0.1,1.5
165,164,2000,0.35,0.0125,0.1,1.5
165,166,1000,0.63,0.0125,0.1,1.5
166,15,800,0.29,0.0125,0.1,1.5
166,165,2000,0.63,0.0125,0.1,1.5
166,167,1000,0.33,0.0125,0.1,1.5
167,166,800,0.33,0.0125,0.1,1.5
167,168,2000,0.6,0.0125,0.1,1.5
167,183,1000,1.03,0.0125,0.1,1.5
168,17,800,0.4,0.0125,0.1,1.5
168,167,2000,0.6,0.0125,0.1,1.5
168,169,1000,0.31,0.0125,0.1,1.5
169,168,800,0.31,0.0125,0.1,1.5
169,170,2000,0.53,0.0125,0.1,1.5
169,181,1000,1.03,0.0125,0.1,1.5
170,169,800,0.53,0.0125,0.1,1.5
170,171,2000,0.39,0.0125,0.1,1.5
171,18,1000,0.68,0.0125,0.1,1.5
171,170,800,0.39,0.0125,0.1,1.5
171,172,2000,1.08,0.0125,0.1,1.5
172,20,1000,0.64,0.0125,0.1,1.5
172,171,800,1.08,0.0125,0.1,1.5
172,173,2000,0.79,0.0125,0.1,1.5
173,172,1000,0.79,0.0125,0.1,1.5
173,174,800,0.64,0.0125,0.1,1.5
174,173,2000,0.64,0.0125,0.1,1.5
174,175,1000,1.08,0.0125,0.1,1.5
174,215,800,3.14,0.0125,0.1,1.5
174,862,2000,0.84,0.0125,0.1,1.5
175,21,1000,0.31,0.0125,0.1,1.5
175,174,800,1.08,0.0125,0.1,1.5
175,176,2000,0.59,0.0125,0.1,1.5
176,132,1000,0.8,0.0125,0.1,1.5
176,175,800,0.59,0.0125,0.1,1.5
181,18,2000,0.69,0.0125,0.1,1.5
181,169,1000,1.03,0.0125,0.1,1.5
181,200,800,1.03,0.0125,0.1,1.5
183,15,2000,0.19,0.0125,0.1,1.5
183,167,1000,1.03,0.0125,0.1,1.5
183,202,800,0.99,0.0125,0.1,1.5
184,185,2000,0.76,0.0125,0.1,1.5
185,184,1000,0.76,0.0125,0.1,1.5
185,186,800,0.35,0.0125,0.1,1.5
186,14,2000,0.45,0.0125,0.1,1.5
186,185,1000,0.35,0.0125,0.1,1.5
186,187,800,0.76,0.0125,0.1,1.5
187,163,2000,1.01,0.0125,0.1,1.5
187,186,1000,0.76,0.0125,0.1,1.5
187,188,800,0.24,0.0125,0.1,1.5
187,208,2000,0.74,0.0125,0.1,1.5
188,12,1000,0.45,0.0125,0.1,1.5
188,187,800,0.24,0.0125,0.1,1.5
188,189,2000,0.37,0.0125,0.1,1.5
189,11,1000,0.4,0.0125,0.1,1.5
189,188,800,0.37,0.0125,0.1,1.5
189,190,2000,0.29,0.0125,0.1,1.5
190,160,1000,0.93,0.0125,0.1,1.5
190,189,800,0.29,0.0125,0.1,1.5
190,191,2000,0.35,0.0125,0.1,1.5
190,210,1000,0.28,0.0125,0.1,1.5
191,190,800,0.35,0.0125,0.1,1.5
191,192,2000,0.37,0.0125,0.1,1.5
192,158,1000,0.6,0.0125,0.1,1.5
192,191,800,0.37,0.0125,0.1,1.5
192,193,2000,0.24,0.0125,0.1,1.5
192,211,1000,0.51,0.0125,0.1,1.5
193,157,800,0.97,0.0125,0.1,1.5
193,192,2000,0.24,0.0125,0.1,1.5
193,194,1000,0.1,0.0125,0.1,1.5
194,193,800,0.1,0.0125,0.1,1.5
194,195,2000,0.14,0.0125,0.1,1.5
194,212,1000,0.6,0.0125,0.1,1.5
195,194,800,0.14,0.0125,0.1,1.5
195,1046,2000,0.26,0.0125,0.1,1.5
196,197,1000,0.87,0.0125,0.1,1.5
197,20,800,0.64,0.0125,0.1,1.5
197,148,2000,0.51,0.0125,0.1,1.5
197,196,1000,0.87,0.0125,0.1,1.5
197,198,800,0.35,0.0125,0.1,1.5
198,18,2000,0.69,0.0125,0.1,1.5
198,197,1000,0.35,0.0125,0.1,1.5
198,199,800,0.24,0.0125,0.1,1.5
199,198,2000,0.24,0.0125,0.1,1.5
199,200,1000,0.64,0.0125,0.1,1.5
200,181,800,1.03,0.0125,0.1,1.5
200,199,2000,0.64,0.0125,0.1,1.5
200,201,1000,0.47,0.0125,0.1,1.5
200,218,800,1.4,0.0125,0.1,1.5
201,17,2000,0.98,0.0125,0.1,1.5
201,200,1000,0.47,0.0125,0.1,1.5
201,202,800,0.45,0.0125,0.1,1.5
202,183,2000,0.99,0.0125,0.1,1.5
202,201,1000,0.45,0.0125,0.1,1.5
202,203,800,0.57,0.0125,0.1,1.5
202,219,2000,0.96,0.0125,0.1,1.5
203,19,1000,0.76,0.0125,0.1,1.5
203,202,800,0.57,0.0125,0.1,1.5
203,204,2000,0.58,0.0125,0.1,1.5
204,14,1000,0.92,0.0125,0.1,1.5
204,203,800,0.58,0.0125,0.1,1.5
204,205,2000,0.29,0.0125,0.1,1.5
205,204,1000,0.29,0.0125,0.1,1.5
205,206,800,0.21,0.0125,0.1,1.5
206,205,2000,0.21,0.0125,0.1,1.5
206,207,1000,0.37,0.0125,0.1,1.5
206,221,800,0.66,0.0125,0.1,1.5
207,16,2000,0.76,0.0125,0.1,1.5
207,206,1000,0.37,0.0125,0.1,1.5
207,208,800,0.33,0.0125,0.1,1.5
208,187,2000,0.74,0.0125,0.1,1.5
208,207,1000,0.33,0.0125,0.1,1.5
208,209,800,1.29,0.0125,0.1,1.5
209,208,2000,1.29,0.0125,0.1,1.5
209,211,1000,0.34,0.0125,0.1,1.5
209,231,800,0.67,0.0125,0.1,1.5
210,190,2000,0.28,0.0125,0.1,1.5
210,211,1000,0.29,0.0125,0.1,1.5
211,192,800,0.51,0.0125,0.1,1.5
211,209,2000,0.34,0.0125,0.1,1.5
211,210,1000,0.29,0.0125,0.1,1.5
211,212,800,0.32,0.0125,0.1,1.5
212,194,2000,0.6,0.0125,0.1,1.5
212,211,1000,0.32,0.0125,0.1,1.5
212,232,800,1.11,0.0125,0.1,1.5
212,286,2000,0.21,0.0125,0.1,1.5
213,133,1000,0.8,0.0125,0.1,1.5
213,214,800,0.5,0.0125,0.1,1.5
214,21,2000,1.51,0.0125,0.1,1.5
214,213,1000,0.5,0.0125,0.1,1.5
214,215,800,1.23,0.0125,0.1,1.5
215,174,2000,3.14,0.0125,0.1,1.5
215,214,1000,1.23,0.0125,0.1,1.5
215,216,800,0.6,0.0125,0.1,1.5
216,215,2000,0.6,0.0125,0.1,1.5
216,217,1000,1.17,0.0125,0.1,1.5
217,148,800,0.61,0.0125,0.1,1.5
217,216,2000,1.17,0.0125,0.1,1.5
217,218,1000,1.09,0.0125,0.1,1.5
218,200,800,1.4,0.0125,0.1,1.5
218,217,2000,1.09,0.0125,0.1,1.5
218,220,1000,1,0.0125,0.1,1.5
219,19,800,0.5,0.0125,0.1,1.5
219,202,2000,0.96,0.0125,0.1,1.5
219,220,1000,0.85,0.0125,0.1,1.5
220,218,800,1,0.0125,0.1,1.5
220,219,2000,0.85,0.0125,0.1,1.5
220,224,1000,1.53,0.0125,0.1,1.5
220,245,800,1.08,0.0125,0.1,1.5
221,16,2000,0.53,0.0125,0.1,1.5
221,206,1000,0.66,0.0125,0.1,1.5
221,222,800,0.68,0.0125,0.1,1.5
222,19,2000,0.4,0.0125,0.1,1.5
222,221,1000,0.68,0.0125,0.1,1.5
222,223,800,0.53,0.0125,0.1,1.5
223,222,2000,0.53,0.0125,0.1,1.5
223,224,1000,0.46,0.0125,0.1,1.5
224,220,800,1.53,0.0125,0.1,1.5
224,223,2000,0.46,0.0125,0.1,1.5
224,230,1000,0.84,0.0125,0.1,1.5
230,28,800,0.45,0.0125,0.1,1.5
230,224,2000,0.84,0.0125,0.1,1.5
230,237,1000,0.98,0.0125,0.1,1.5
231,209,800,0.67,0.0125,0.1,1.5
231,234,2000,0.79,0.0125,0.1,1.5
232,212,1000,1.11,0.0125,0.1,1.5
232,233,800,0.3,0.0125,0.1,1.5
233,25,2000,0.32,0.0125,0.1,1.5
233,232,1000,0.3,0.0125,0.1,1.5
233,236,800,1.24,0.0125,0.1,1.5
234,25,2000,0.24,0.0125,0.1,1.5
234,231,1000,0.79,0.0125,0.1,1.5
234,235,800,1.01,0.0125,0.1,1.5
235,234,2000,1.01,0.0125,0.1,1.5
236,233,1000,1.24,0.0125,0.1,1.5
236,237,800,0.27,0.0125,0.1,1.5
237,230,2000,0.98,0.0125,0.1,1.5
237,236,1000,0.27,0.0125,0.1,1.5
237,238,800,0.84,0.0125,0.1,1.5
237,278,2000,0.87,0.0125,0.1,1.5
238,29,1000,0.21,0.0125,0.1,1.5
238,149,800,0.55,0.0125,0.1,1.5
238,237,2000,0.84,0.0125,0.1,1.5
238,240,1000,1.24,0.0125,0.1,1.5
240,238,800,1.24,0.0125,0.1,1.5
240,243,2000,0.66,0.0125,0.1,1.5
243,240,1000,0.66,0.0125,0.1,1.5
243,244,800,0.42,0.0125,0.1,1.5
244,243,2000,0.42,0.0125,0.1,1.5
244,251,1000,0.61,0.0125,0.1,1.5
245,220,800,1.08,0.0125,0.1,1.5
245,246,2000,0.57,0.0125,0.1,1.5
246,245,1000,0.57,0.0125,0.1,1.5
246,247,800,0.69,0.0125,0.1,1.5
247,246,2000,0.69,0.0125,0.1,1.5
247,249,1000,0.84,0.0125,0.1,1.5
249,28,800,0.42,0.0125,0.1,1.5
249,247,2000,0.84,0.0125,0.1,1.5
249,250,1000,0.91,0.0125,0.1,1.5
250,31,800,0.8,0.0125,0.1,1.5
250,249,2000,0.91,0.0125,0.1,1.5
250,251,1000,0.64,0.0125,0.1,1.5
251,244,800,0.61,0.0125,0.1,1.5
251,250,2000,0.64,0.0125,0.1,1.5
251,252,1000,1.64,0.0125,0.1,1.5
251,269,800,0.22,0.0125,0.1,1.5
252,31,2000,1.08,0.0125,0.1,1.5
252,251,1000,1.64,0.0125,0.1,1.5
252,265,800,0.21,0.0125,0.1,1.5
262,134,2000,0.8,0.0125,0.1,1.5
262,263,1000,0.71,0.0125,0.1,1.5
262,395,800,6.18,0.0125,0.1,1.5
263,262,2000,0.71,0.0125,0.1,1.5
263,264,1000,0.9,0.0125,0.1,1.5
263,270,800,0.98,0.0125,0.1,1.5
264,263,2000,0.9,0.0125,0.1,1.5
264,265,1000,2.45,0.0125,0.1,1.5
265,30,800,0.35,0.0125,0.1,1.5
265,252,2000,0.21,0.0125,0.1,1.5
265,264,1000,2.45,0.0125,0.1,1.5
268,30,800,0.29,0.0125,0.1,1.5
268,269,2000,0.23,0.0125,0.1,1.5
268,273,1000,0.63,0.0125,0.1,1.5
269,251,800,0.22,0.0125,0.1,1.5
269,268,2000,0.23,0.0125,0.1,1.5
270,263,1000,0.98,0.0125,0.1,1.5
270,272,800,1.92,0.0125,0.1,1.5
272,30,2000,0.35,0.0125,0.1,1.5
272,32,1000,0.31,0.0125,0.1,1.5
272,270,800,1.92,0.0125,0.1,1.5
272,273,2000,1.61,0.0125,0.1,1.5
273,268,1000,0.63,0.0125,0.1,1.5
273,272,800,1.61,0.0125,0.1,1.5
273,274,2000,0.51,0.0125,0.1,1.5
273,392,1000,0.16,0.0125,0.1,1.5
274,273,800,0.51,0.0125,0.1,1.5
274,275,2000,0.71,0.0125,0.1,1.5
275,274,1000,0.71,0.0125,0.1,1.5
275,277,800,0.84,0.0125,0.1,1.5
277,27,2000,0.61,0.0125,0.1,1.5
277,275,1000,0.84,0.0125,0.1,1.5
277,279,800,1.46,0.0125,0.1,1.5
278,237,2000,0.87,0.0125,0.1,1.5
278,279,1000,0.97,0.0125,0.1,1.5
279,277,800,1.46,0.0125,0.1,1.5
279,278,2000,0.97,0.0125,0.1,1.5
279,280,1000,0.51,0.0125,0.1,1.5
279,310,800,0.45,0.0125,0.1,1.5
280,279,2000,0.51,0.0125,0.1,1.5
280,281,1000,0.69,0.0125,0.1,1.5
280,309,800,0.61,0.0125,0.1,1.5
281,280,2000,0.69,0.0125,0.1,1.5
281,282,1000,1.24,0.0125,0.1,1.5
281,309,800,0.61,0.0125,0.1,1.5
282,26,2000,0.72,0.0125,0.1,1.5
282,281,1000,1.24,0.0125,0.1,1.5
282,283,800,0.34,0.0125,0.1,1.5
283,282,2000,0.34,0.0125,0.1,1.5
283,284,1000,0.43,0.0125,0.1,1.5
283,307,800,1.32,0.0125,0.1,1.5
284,283,2000,0.43,0.0125,0.1,1.5
284,285,1000,0.39,0.0125,0.1,1.5
284,287,800,0.6,0.0125,0.1,1.5
285,26,2000,0.92,0.0125,0.1,1.5
285,284,1000,0.39,0.0125,0.1,1.5
285,286,800,0.42,0.0125,0.1,1.5
286,212,2000,0.21,0.0125,0.1,1.5
286,285,1000,0.42,0.0125,0.1,1.5
287,284,800,0.6,0.0125,0.1,1.5
287,288,2000,0.6,0.0125,0.1,1.5
287,304,1000,0.69,0.0125,0.1,1.5
288,22,800,0.32,0.0125,0.1,1.5
288,287,2000,0.6,0.0125,0.1,1.5
288,289,1000,0.37,0.0125,0.1,1.5
289,288,800,0.37,0.0125,0.1,1.5
289,291,2000,0.58,0.0125,0.1,1.5
289,1054,1000,0.22,0.0125,0.1,1.5
291,24,800,0.43,0.0125,0.1,1.5
291,289,2000,0.58,0.0125,0.1,1.5
291,292,1000,0.53,0.0125,0.1,1.5
292,291,800,0.53,0.0125,0.1,1.5
292,293,2000,0.2,0.0125,0.1,1.5
292,294,1000,0.37,0.0125,0.1,1.5
293,292,800,0.2,0.0125,0.1,1.5
293,298,2000,0.48,0.0125,0.1,1.5
293,300,1000,0.66,0.0125,0.1,1.5
294,293,800,0.37,0.0125,0.1,1.5
294,295,2000,0.29,0.0125,0.1,1.5
294,402,1000,0.27,0.0125,0.1,1.5
295,294,800,0.29,0.0125,0.1,1.5
295,298,2000,0.43,0.0125,0.1,1.5
298,34,1000,0.34,0.0125,0.1,1.5
298,293,800,0.48,0.0125,0.1,1.5
298,295,2000,0.43,0.0125,0.1,1.5
298,317,1000,0.52,0.0125,0.1,1.5
299,33,800,0.37,0.0125,0.1,1.5
299,292,2000,0.45,0.0125,0.1,1.5
300,33,1000,0.37,0.0125,0.1,1.5
300,301,800,0.26,0.0125,0.1,1.5
301,302,2000,0.19,0.0125,0.1,1.5
301,306,1000,0.23,0.0125,0.1,1.5
301,316,800,0.53,0.0125,0.1,1.5
302,299,2000,0.58,0.0125,0.1,1.5
302,301,1000,0.19,0.0125,0.1,1.5
302,303,800,0.57,0.0125,0.1,1.5
303,24,2000,0.43,0.0125,0.1,1.5
303,302,1000,0.57,0.0125,0.1,1.5
303,304,800,0.24,0.0125,0.1,1.5
304,23,2000,0.26,0.0125,0.1,1.5
304,287,1000,0.69,0.0125,0.1,1.5
304,303,800,0.24,0.0125,0.1,1.5
305,302,2000,0.23,0.0125,0.1,1.5
306,305,1000,0.2,0.0125,0.1,1.5
306,307,800,0.64,0.0125,0.1,1.5
307,283,2000,1.32,0.0125,0.1,1.5
307,306,1000,0.64,0.0125,0.1,1.5
307,308,800,0.58,0.0125,0.1,1.5
307,399,2000,0.31,0.0125,0.1,1.5
308,35,1000,0.24,0.0125,0.1,1.5
308,307,800,0.58,0.0125,0.1,1.5
308,309,2000,0.68,0.0125,0.1,1.5
309,280,1000,0.61,0.0125,0.1,1.5
309,281,800,0.61,0.0125,0.1,1.5
309,308,2000,0.68,0.0125,0.1,1.5
309,310,1000,0.8,0.0125,0.1,1.5
310,279,800,0.45,0.0125,0.1,1.5
310,309,2000,0.8,0.0125,0.1,1.5
310,311,1000,0.27,0.0125,0.1,1.5
311,27,800,0.55,0.0125,0.1,1.5
311,310,2000,0.27,0.0125,0.1,1.5
311,312,1000,1.05,0.0125,0.1,1.5
312,311,800,1.05,0.0125,0.1,1.5
312,313,2000,0.82,0.0125,0.1,1.5
312,372,1000,0.83,0.0125,0.1,1.5
313,38,800,1.03,0.0125,0.1,1.5
313,312,2000,0.82,0.0125,0.1,1.5
313,314,1000,0.43,0.0125,0.1,1.5
314,313,800,0.43,0.0125,0.1,1.5
314,315,2000,0.49,0.0125,0.1,1.5
315,314,1000,0.49,0.0125,0.1,1.5
315,366,800,0.56,0.0125,0.1,1.5
315,399,2000,1.03,0.0125,0.1,1.5
316,33,1000,0.34,0.0125,0.1,1.5
316,301,800,0.53,0.0125,0.1,1.5
316,319,2000,0.54,0.0125,0.1,1.5
317,33,1000,0.48,0.0125,0.1,1.5
317,298,800,0.52,0.0125,0.1,1.5
317,318,2000,0.43,0.0125,0.1,1.5
318,317,1000,0.43,0.0125,0.1,1.5
318,319,800,0.34,0.0125,0.1,1.5
318,320,2000,0.39,0.0125,0.1,1.5
319,316,1000,0.54,0.0125,0.1,1.5
319,318,800,0.34,0.0125,0.1,1.5
320,36,2000,0.32,0.0125,0.1,1.5
320,318,1000,0.39,0.0125,0.1,1.5
320,321,800,0.53,0.0125,0.1,1.5
321,320,2000,0.53,0.0125,0.1,1.5
321,322,1000,0.72,0.0125,0.1,1.5
321,352,800,0.83,0.0125,0.1,1.5
322,321,2000,0.72,0.0125,0.1,1.5
322,323,1000,0.71,0.0125,0.1,1.5
322,326,800,0.76,0.0125,0.1,1.5
323,37,2000,0.34,0.0125,0.1,1.5
323,322,1000,0.71,0.0125,0.1,1.5
323,324,800,0.54,0.0125,0.1,1.5
324,323,2000,0.54,0.0125,0.1,1.5
324,325,1000,0.58,0.0125,0.1,1.5
324,419,800,0.36,0.0125,0.1,1.5
325,324,2000,0.58,0.0125,0.1,1.5
325,326,1000,0.8,0.0125,0.1,1.5
325,329,800,1.29,0.0125,0.1,1.5
326,322,2000,0.76,0.0125,0.1,1.5
326,325,1000,0.8,0.0125,0.1,1.5
326,327,800,0.64,0.0125,0.1,1.5
326,353,2000,0.66,0.0125,0.1,1.5
327,41,1000,0.19,0.0125,0.1,1.5
327,326,800,0.64,0.0125,0.1,1.5
327,328,2000,0.87,0.0125,0.1,1.5
328,42,1000,0.51,0.0125,0.1,1.5
328,327,800,0.87,0.0125,0.1,1.5
328,332,2000,0.76,0.0125,0.1,1.5
329,42,1000,0.47,0.0125,0.1,1.5
329,325,800,1.29,0.0125,0.1,1.5
329,332,2000,0.72,0.0125,0.1,1.5
332,328,1000,0.76,0.0125,0.1,1.5
332,329,800,0.72,0.0125,0.1,1.5
332,333,2000,0.68,0.0125,0.1,1.5
332,351,1000,0.25,0.0125,0.1,1.5
333,332,800,0.68,0.0125,0.1,1.5
333,334,2000,0.48,0.0125,0.1,1.5
333,337,1000,1.85,0.0125,0.1,1.5
333,350,800,0.52,0.0125,0.1,1.5
334,333,2000,0.48,0.0125,0.1,1.5
334,338,1000,0.43,0.0125,0.1,1.5
337,44,800,0.53,0.0125,0.1,1.5
337,333,2000,1.85,0.0125,0.1,1.5
337,443,1000,0.46,0.0125,0.1,1.5
338,44,800,0.58,0.0125,0.1,1.5
338,334,2000,0.43,0.0125,0.1,1.5
338,339,1000,0.31,0.0125,0.1,1.5
339,338,800,0.31,0.0125,0.1,1.5
339,340,2000,2.01,0.0125,0.1,1.5
339,348,1000,0.95,0.0125,0.1,1.5
340,339,800,2.01,0.0125,0.1,1.5
340,341,2000,0.4,0.0125,0.1,1.5
340,346,1000,1.29,0.0125,0.1,1.5
341,46,800,0.51,0.0125,0.1,1.5
341,340,2000,0.4,0.0125,0.1,1.5
341,342,1000,1.17,0.0125,0.1,1.5
342,341,800,1.17,0.0125,0.1,1.5
342,343,2000,1,0.0125,0.1,1.5
342,345,1000,2.49,0.0125,0.1,1.5
342,460,800,1.8,0.0125,0.1,1.5
343,150,2000,1.21,0.0125,0.1,1.5
343,342,1000,1,0.0125,0.1,1.5
343,344,800,0.54,0.0125,0.1,1.5
344,137,2000,0.8,0.0125,0.1,1.5
344,343,1000,0.54,0.0125,0.1,1.5
345,342,800,2.49,0.0125,0.1,1.5
345,363,2000,1.37,0.0125,0.1,1.5
346,46,1000,0.53,0.0125,0.1,1.5
346,340,800,1.29,0.0125,0.1,1.5
346,347,2000,0.54,0.0125,0.1,1.5
347,346,1000,0.54,0.0125,0.1,1.5
347,348,800,1.53,0.0125,0.1,1.5
348,339,2000,0.95,0.0125,0.1,1.5
348,347,1000,1.53,0.0125,0.1,1.5
348,349,800,0.6,0.0125,0.1,1.5
348,359,2000,1.3,0.0125,0.1,1.5
349,44,1000,0.61,0.0125,0.1,1.5
349,348,800,0.6,0.0125,0.1,1.5
349,350,2000,0.5,0.0125,0.1,1.5
350,333,1000,0.52,0.0125,0.1,1.5
350,349,800,0.5,0.0125,0.1,1.5
350,351,2000,0.31,0.0125,0.1,1.5
350,357,1000,1.28,0.0125,0.1,1.5
351,332,800,0.25,0.0125,0.1,1.5
351,350,2000,0.31,0.0125,0.1,1.5
352,39,1000,0.23,0.0125,0.1,1.5
352,321,800,0.83,0.0125,0.1,1.5
352,353,2000,0.3,0.0125,0.1,1.5
353,326,1000,0.66,0.0125,0.1,1.5
353,352,800,0.3,0.0125,0.1,1.5
353,354,2000,1.09,0.0125,0.1,1.5
353,368,1000,1.35,0.0125,0.1,1.5
354,40,800,0.24,0.0125,0.1,1.5
354,353,2000,1.09,0.0125,0.1,1.5
354,355,1000,0.79,0.0125,0.1,1.5
355,354,800,0.79,0.0125,0.1,1.5
355,357,2000,0.35,0.0125,0.1,1.5
357,350,1000,1.28,0.0125,0.1,1.5
357,355,800,0.35,0.0125,0.1,1.5
357,358,2000,0.71,0.0125,0.1,1.5
357,391,1000,1.51,0.0125,0.1,1.5
358,43,800,0.47,0.0125,0.1,1.5
358,357,2000,0.71,0.0125,0.1,1.5
358,359,1000,0.46,0.0125,0.1,1.5
359,127,800,1.37,0.0125,0.1,1.5
359,348,2000,1.3,0.0125,0.1,1.5
359,358,1000,0.46,0.0125,0.1,1.5
359,360,800,0.55,0.0125,0.1,1.5
360,359,2000,0.55,0.0125,0.1,1.5
360,361,1000,0.76,0.0125,0.1,1.5
361,360,800,0.76,0.0125,0.1,1.5
361,362,2000,0.47,0.0125,0.1,1.5
362,46,1000,1.83,0.0125,0.1,1.5
362,361,800,0.47,0.0125,0.1,1.5
362,363,2000,1.11,0.0125,0.1,1.5
363,345,1000,1.37,0.0125,0.1,1.5
363,362,800,1.11,0.0125,0.1,1.5
363,364,2000,0.76,0.0125,0.1,1.5
363,397,1000,1.98,0.0125,0.1,1.5
364,150,800,1.21,0.0125,0.1,1.5
364,363,2000,0.76,0.0125,0.1,1.5
364,365,1000,0.65,0.0125,0.1,1.5
365,136,800,0.8,0.0125,0.1,1.5
365,364,2000,0.65,0.0125,0.1,1.5
366,38,1000,1.19,0.0125,0.1,1.5
366,315,800,0.56,0.0125,0.1,1.5
366,367,2000,0.98,0.0125,0.1,1.5
367,366,1000,0.98,0.0125,0.1,1.5
367,368,800,0.39,0.0125,0.1,1.5
368,353,2000,1.35,0.0125,0.1,1.5
368,367,1000,0.39,0.0125,0.1,1.5
368,378,800,0.67,0.0125,0.1,1.5
372,38,2000,0.8,0.0125,0.1,1.5
372,312,1000,0.83,0.0125,0.1,1.5
372,375,800,0.82,0.0125,0.1,1.5
375,372,2000,0.82,0.0125,0.1,1.5
375,376,1000,0.69,0.0125,0.1,1.5
376,375,800,0.69,0.0125,0.1,1.5
376,377,2000,1.3,0.0125,0.1,1.5
376,387,1000,0.91,0.0125,0.1,1.5
376,394,800,2,0.0125,0.1,1.5
377,38,2000,1.03,0.0125,0.1,1.5
377,376,1000,1.3,0.0125,0.1,1.5
377,378,800,0.97,0.0125,0.1,1.5
378,45,2000,0.82,0.0125,0.1,1.5
378,368,1000,0.67,0.0125,0.1,1.5
378,377,800,0.97,0.0125,0.1,1.5
387,45,2000,0.39,0.0125,0.1,1.5
387,376,1000,0.91,0.0125,0.1,1.5
387,388,800,0.85,0.0125,0.1,1.5
388,387,2000,0.85,0.0125,0.1,1.5
388,389,1000,1.03,0.0125,0.1,1.5
388,398,800,2.27,0.0125,0.1,1.5
389,45,2000,0.82,0.0125,0.1,1.5
389,388,1000,1.03,0.0125,0.1,1.5
389,390,800,0.84,0.0125,0.1,1.5
390,127,2000,1.46,0.0125,0.1,1.5
390,389,1000,0.84,0.0125,0.1,1.5
390,391,800,0.28,0.0125,0.1,1.5
391,357,2000,1.51,0.0125,0.1,1.5
391,390,1000,0.28,0.0125,0.1,1.5
392,273,800,0.16,0.0125,0.1,1.5
392,393,2000,2.65,0.0125,0.1,1.5
393,27,1000,0.76,0.0125,0.1,1.5
393,392,800,2.65,0.0125,0.1,1.5
393,394,2000,0.72,0.0125,0.1,1.5
394,376,1000,2,0.0125,0.1,1.5
394,393,800,0.72,0.0125,0.1,1.5
394,395,2000,5.07,0.0125,0.1,1.5
395,135,1000,0.8,0.0125,0.1,1.5
395,262,800,6.18,0.0125,0.1,1.5
395,394,2000,5.07,0.0125,0.1,1.5
395,396,1000,4.64,0.0125,0.1,1.5
396,395,800,4.64,0.0125,0.1,1.5
396,397,2000,1.77,0.0125,0.1,1.5
397,136,1000,0.8,0.0125,0.1,1.5
397,363,800,1.98,0.0125,0.1,1.5
397,396,2000,1.77,0.0125,0.1,1.5
397,398,1000,0.52,0.0125,0.1,1.5
398,127,800,1.21,0.0125,0.1,1.5
398,388,2000,2.27,0.0125,0.1,1.5
398,397,1000,0.52,0.0125,0.1,1.5
399,35,800,0.4,0.0125,0.1,1.5
399,307,2000,0.31,0.0125,0.1,1.5
399,315,1000,1.03,0.0125,0.1,1.5
400,401,800,0.13,0.0125,0.1,1.5
400,403,2000,0.4,0.0125,0.1,1.5
400,1024,1000,0.19,0.0125,0.1,1.5
401,400,800,0.13,0.0125,0.1,1.5
401,402,2000,0.22,0.0125,0.1,1.5
402,294,1000,0.27,0.0125,0.1,1.5
402,401,800,0.22,0.0125,0.1,1.5
403,401,2000,0.27,0.0125,0.1,1.5
403,404,1000,0.18,0.0125,0.1,1.5
404,405,800,0.24,0.0125,0.1,1.5
404,406,2000,0.35,0.0125,0.1,1.5
404,963,1000,0.24,0.0125,0.1,1.5
405,403,800,0.55,0.0125,0.1,1.5
405,404,2000,0.24,0.0125,0.1,1.5
405,413,1000,0.89,0.0125,0.1,1.5
406,47,800,0.24,0.0125,0.1,1.5
406,409,2000,0.45,0.0125,0.1,1.5
407,47,1000,0.24,0.0125,0.1,1.5
407,405,800,0.4,0.0125,0.1,1.5
408,47,2000,0.64,0.0125,0.1,1.5
408,409,1000,0.23,0.0125,0.1,1.5
408,880,800,0.17,0.0125,0.1,1.5
409,408,2000,0.23,0.0125,0.1,1.5
409,410,1000,0.45,0.0125,0.1,1.5
409,412,800,0.19,0.0125,0.1,1.5
410,411,2000,0.18,0.0125,0.1,1.5
411,412,1000,0.51,0.0125,0.1,1.5
411,495,800,0.68,0.0125,0.1,1.5
412,407,2000,0.22,0.0125,0.1,1.5
412,409,1000,0.19,0.0125,0.1,1.5
412,413,800,0.4,0.0125,0.1,1.5
413,405,2000,0.89,0.0125,0.1,1.5
413,412,1000,0.4,0.0125,0.1,1.5
413,414,800,0.87,0.0125,0.1,1.5
413,426,2000,0.82,0.0125,0.1,1.5
413,492,1000,0.6,0.0125,0.1,1.5
414,413,800,0.87,0.0125,0.1,1.5
414,415,2000,0.36,0.0125,0.1,1.5
415,48,1000,0.27,0.0125,0.1,1.5
415,414,800,0.36,0.0125,0.1,1.5
415,416,2000,0.2,0.0125,0.1,1.5
416,51,1000,0.45,0.0125,0.1,1.5
416,415,800,0.2,0.0125,0.1,1.5
416,417,2000,0.23,0.0125,0.1,1.5
417,50,1000,0.51,0.0125,0.1,1.5
417,416,800,0.23,0.0125,0.1,1.5
417,418,2000,0.34,0.0125,0.1,1.5
418,417,1000,0.34,0.0125,0.1,1.5
418,419,800,0.55,0.0125,0.1,1.5
418,425,2000,0.89,0.0125,0.1,1.5
419,324,1000,0.36,0.0125,0.1,1.5
419,418,800,0.55,0.0125,0.1,1.5
425,51,2000,0.35,0.0125,0.1,1.5
425,418,1000,0.89,0.0125,0.1,1.5
425,431,800,0.9,0.0125,0.1,1.5
426,52,2000,0.42,0.0125,0.1,1.5
426,413,1000,0.82,0.0125,0.1,1.5
426,427,800,0.36,0.0125,0.1,1.5
427,426,2000,0.36,0.0125,0.1,1.5
427,428,1000,0.81,0.0125,0.1,1.5
427,488,800,0.53,0.0125,0.1,1.5
428,427,2000,0.81,0.0125,0.1,1.5
428,429,1000,0.18,0.0125,0.1,1.5
428,430,800,0.28,0.0125,0.1,1.5
429,428,2000,0.18,0.0125,0.1,1.5
429,430,1000,0.24,0.0125,0.1,1.5
429,487,800,1.35,0.0125,0.1,1.5
429,489,2000,0.69,0.0125,0.1,1.5
430,428,1000,0.28,0.0125,0.1,1.5
430,429,800,0.24,0.0125,0.1,1.5
430,431,2000,0.5,0.0125,0.1,1.5
431,425,1000,0.9,0.0125,0.1,1.5
431,430,800,0.5,0.0125,0.1,1.5
431,432,2000,0.51,0.0125,0.1,1.5
432,56,1000,0.8,0.0125,0.1,1.5
432,431,800,0.51,0.0125,0.1,1.5
432,433,2000,0.23,0.0125,0.1,1.5
432,440,1000,0.37,0.0125,0.1,1.5
433,54,800,0.48,0.0125,0.1,1.5
433,432,2000,0.23,0.0125,0.1,1.5
433,434,1000,0.34,0.0125,0.1,1.5
434,55,800,0.47,0.0125,0.1,1.5
434,433,2000,0.34,0.0125,0.1,1.5
434,435,1000,0.26,0.0125,0.1,1.5
435,434,800,0.26,0.0125,0.1,1.5
435,436,2000,0.56,0.0125,0.1,1.5
435,441,1000,0.72,0.0125,0.1,1.5
435,480,800,0.33,0.0125,0.1,1.5
436,54,2000,0.34,0.0125,0.1,1.5
436,435,1000,0.56,0.0125,0.1,1.5
436,437,800,0.53,0.0125,0.1,1.5
437,436,2000,0.53,0.0125,0.1,1.5
437,439,1000,0.88,0.0125,0.1,1.5
437,440,800,0.6,0.0125,0.1,1.5
439,53,2000,0.29,0.0125,0.1,1.5
439,437,1000,0.88,0.0125,0.1,1.5
440,54,800,0.32,0.0125,0.1,1.5
440,432,2000,0.37,0.0125,0.1,1.5
440,437,1000,0.6,0.0125,0.1,1.5
441,57,800,0.31,0.0125,0.1,1.5
441,435,2000,0.72,0.0125,0.1,1.5
441,442,1000,1.04,0.0125,0.1,1.5
442,58,800,0.92,0.0125,0.1,1.5
442,441,2000,1.04,0.0125,0.1,1.5
442,444,1000,1.48,0.0125,0.1,1.5
443,337,800,0.46,0.0125,0.1,1.5
443,444,2000,0.72,0.0125,0.1,1.5
444,442,1000,1.48,0.0125,0.1,1.5
444,443,800,0.72,0.0125,0.1,1.5
444,445,2000,0.35,0.0125,0.1,1.5
444,448,1000,1.61,0.0125,0.1,1.5
445,444,800,0.35,0.0125,0.1,1.5
445,446,2000,0.93,0.0125,0.1,1.5
446,63,1000,0.66,0.0125,0.1,1.5
446,445,800,0.93,0.0125,0.1,1.5
446,447,2000,0.87,0.0125,0.1,1.5
447,446,1000,0.87,0.0125,0.1,1.5
447,448,800,1.42,0.0125,0.1,1.5
447,452,2000,0.73,0.0125,0.1,1.5
447,470,1000,0.75,0.0125,0.1,1.5
448,59,800,0.32,0.0125,0.1,1.5
448,444,2000,1.61,0.0125,0.1,1.5
448,447,1000,1.42,0.0125,0.1,1.5
448,451,800,0.79,0.0125,0.1,1.5
451,62,2000,0.92,0.0125,0.1,1.5
451,448,1000,0.79,0.0125,0.1,1.5
452,64,800,0.51,0.0125,0.1,1.5
452,447,2000,0.73,0.0125,0.1,1.5
452,459,1000,0.72,0.0125,0.1,1.5
459,62,800,0.66,0.0125,0.1,1.5
459,452,2000,0.72,0.0125,0.1,1.5
459,461,1000,1.38,0.0125,0.1,1.5
460,342,800,1.8,0.0125,0.1,1.5
460,461,2000,1.67,0.0125,0.1,1.5
461,459,1000,1.38,0.0125,0.1,1.5
461,460,800,1.67,0.0125,0.1,1.5
461,462,2000,0.98,0.0125,0.1,1.5
461,467,1000,1.4,0.0125,0.1,1.5
462,65,800,0.4,0.0125,0.1,1.5
462,461,2000,0.98,0.0125,0.1,1.5
462,465,1000,0.58,0.0125,0.1,1.5
465,462,800,0.58,0.0125,0.1,1.5
465,466,2000,0.27,0.0125,0.1,1.5
466,138,1000,0.8,0.0125,0.1,1.5
466,465,800,0.27,0.0125,0.1,1.5
467,153,2000,1.21,0.0125,0.1,1.5
467,461,1000,1.4,0.0125,0.1,1.5
467,468,800,2.41,0.0125,0.1,1.5
467,1055,2000,2.88,0.0125,0.1,1.5
468,64,1000,0.61,0.0125,0.1,1.5
468,152,800,1.59,0.0125,0.1,1.5
468,467,2000,2.41,0.0125,0.1,1.5
468,469,1000,1.72,0.0125,0.1,1.5
469,151,800,1.59,0.0125,0.1,1.5
469,468,2000,1.72,0.0125,0.1,1.5
469,470,1000,0.66,0.0125,0.1,1.5
469,473,800,0.79,0.0125,0.1,1.5
470,63,2000,1,0.0125,0.1,1.5
470,64,1000,0.8,0.0125,0.1,1.5
470,447,800,0.75,0.0125,0.1,1.5
470,469,2000,0.66,0.0125,0.1,1.5
473,63,1000,0.66,0.0125,0.1,1.5
473,469,800,0.79,0.0125,0.1,1.5
473,474,2000,0.6,0.0125,0.1,1.5
474,473,1000,0.6,0.0125,0.1,1.5
474,475,800,0.43,0.0125,0.1,1.5
475,58,2000,0.92,0.0125,0.1,1.5
475,60,1000,0.48,0.0125,0.1,1.5
475,474,800,0.43,0.0125,0.1,1.5
475,476,2000,1.23,0.0125,0.1,1.5
476,475,1000,1.23,0.0125,0.1,1.5
476,482,800,0.43,0.0125,0.1,1.5
478,479,2000,0.56,0.0125,0.1,1.5
478,482,1000,0.97,0.0125,0.1,1.5
479,55,800,0.43,0.0125,0.1,1.5
479,58,2000,0.58,0.0125,0.1,1.5
479,478,1000,0.56,0.0125,0.1,1.5
479,480,800,0.83,0.0125,0.1,1.5
480,435,2000,0.33,0.0125,0.1,1.5
480,479,1000,0.83,0.0125,0.1,1.5
482,476,800,0.43,0.0125,0.1,1.5
482,478,2000,0.97,0.0125,0.1,1.5
482,483,1000,1.03,0.0125,0.1,1.5
482,533,800,1.86,0.0125,0.1,1.5
483,55,2000,0.39,0.0125,0.1,1.5
483,482,1000,1.03,0.0125,0.1,1.5
483,1057,800,0.51,0.0125,0.1,1.5
484,485,2000,0.52,0.0125,0.1,1.5
484,529,1000,1.19,0.0125,0.1,1.5
484,1057,800,0.59,0.0125,0.1,1.5
485,484,2000,0.52,0.0125,0.1,1.5
485,486,1000,0.19,0.0125,0.1,1.5
485,520,800,0.63,0.0125,0.1,1.5
485,528,2000,0.58,0.0125,0.1,1.5
486,485,1000,0.19,0.0125,0.1,1.5
486,487,800,0.62,0.0125,0.1,1.5
487,429,2000,1.35,0.0125,0.1,1.5
487,486,1000,0.62,0.0125,0.1,1.5
488,52,800,0.39,0.0125,0.1,1.5
488,427,2000,0.53,0.0125,0.1,1.5
488,489,1000,0.29,0.0125,0.1,1.5
489,429,800,0.69,0.0125,0.1,1.5
489,488,2000,0.29,0.0125,0.1,1.5
489,490,1000,0.28,0.0125,0.1,1.5
489,491,800,0.4,0.0125,0.1,1.5
490,489,2000,0.28,0.0125,0.1,1.5
490,518,1000,1.21,0.0125,0.1,1.5
491,52,800,0.48,0.0125,0.1,1.5
491,489,2000,0.4,0.0125,0.1,1.5
491,494,1000,0.39,0.0125,0.1,1.5
492,49,800,0.18,0.0125,0.1,1.5
492,413,2000,0.6,0.0125,0.1,1.5
492,493,1000,0.58,0.0125,0.1,1.5
493,52,800,0.48,0.0125,0.1,1.5
493,492,2000,0.58,0.0125,0.1,1.5
493,494,1000,0.55,0.0125,0.1,1.5
494,491,800,0.39,0.0125,0.1,1.5
494,493,2000,0.55,0.0125,0.1,1.5
494,499,1000,0.31,0.0125,0.1,1.5
494,500,800,0.92,0.0125,0.1,1.5
495,411,2000,0.68,0.0125,0.1,1.5
495,496,1000,0.66,0.0125,0.1,1.5
495,499,800,0.61,0.0125,0.1,1.5
496,495,2000,0.66,0.0125,0.1,1.5
496,497,1000,0.43,0.0125,0.1,1.5
496,582,800,0.38,0.0125,0.1,1.5
497,496,2000,0.43,0.0125,0.1,1.5
497,498,1000,0.29,0.0125,0.1,1.5
497,502,800,0.23,0.0125,0.1,1.5
498,66,2000,0.32,0.0125,0.1,1.5
498,497,1000,0.29,0.0125,0.1,1.5
498,499,800,0.29,0.0125,0.1,1.5
499,494,2000,0.31,0.0125,0.1,1.5
499,495,1000,0.61,0.0125,0.1,1.5
499,498,800,0.29,0.0125,0.1,1.5
499,501,2000,0.2,0.0125,0.1,1.5
500,494,1000,0.92,0.0125,0.1,1.5
500,513,800,0.35,0.0125,0.1,1.5
501,499,2000,0.2,0.0125,0.1,1.5
501,512,1000,0.74,0.0125,0.1,1.5
502,497,800,0.23,0.0125,0.1,1.5
502,503,2000,0.13,0.0125,0.1,1.5
503,66,1000,0.35,0.0125,0.1,1.5
503,502,800,0.13,0.0125,0.1,1.5
503,504,2000,1.19,0.0125,0.1,1.5
504,69,1000,0.34,0.0125,0.1,1.5
504,503,800,1.19,0.0125,0.1,1.5
504,505,2000,0.84,0.0125,0.1,1.5
505,73,1000,0.4,0.0125,0.1,1.5
505,504,800,0.84,0.0125,0.1,1.5
505,507,2000,0.48,0.0125,0.1,1.5
506,507,1000,0.31,0.0125,0.1,1.5
506,598,800,0.32,0.0125,0.1,1.5
507,505,2000,0.48,0.0125,0.1,1.5
507,506,1000,0.31,0.0125,0.1,1.5
507,508,800,0.72,0.0125,0.1,1.5
508,507,2000,0.72,0.0125,0.1,1.5
508,509,1000,0.27,0.0125,0.1,1.5
508,538,800,0.48,0.0125,0.1,1.5
509,508,2000,0.27,0.0125,0.1,1.5
509,517,1000,0.37,0.0125,0.1,1.5
510,73,800,0.39,0.0125,0.1,1.5
510,511,2000,0.63,0.0125,0.1,1.5
511,68,1000,0.35,0.0125,0.1,1.5
511,69,800,0.47,0.0125,0.1,1.5
511,510,2000,0.63,0.0125,0.1,1.5
511,512,1000,1.01,0.0125,0.1,1.5
512,66,800,0.34,0.0125,0.1,1.5
512,501,2000,0.74,0.0125,0.1,1.5
512,511,1000,1.01,0.0125,0.1,1.5
513,66,800,0.47,0.0125,0.1,1.5
513,67,2000,0.53,0.0125,0.1,1.5
513,500,1000,0.35,0.0125,0.1,1.5
513,514,800,0.24,0.0125,0.1,1.5
514,513,2000,0.24,0.0125,0.1,1.5
514,515,1000,0.93,0.0125,0.1,1.5
515,68,800,0.26,0.0125,0.1,1.5
515,514,2000,0.93,0.0125,0.1,1.5
515,516,1000,0.85,0.0125,0.1,1.5
516,73,800,0.55,0.0125,0.1,1.5
516,515,2000,0.85,0.0125,0.1,1.5
516,517,1000,0.58,0.0125,0.1,1.5
517,509,800,0.37,0.0125,0.1,1.5
517,516,2000,0.58,0.0125,0.1,1.5
517,523,1000,0.77,0.0125,0.1,1.5
517,539,800,0.74,0.0125,0.1,1.5
518,67,2000,0.4,0.0125,0.1,1.5
518,490,1000,1.21,0.0125,0.1,1.5
518,519,800,0.24,0.0125,0.1,1.5
519,518,2000,0.24,0.0125,0.1,1.5
519,520,1000,0.19,0.0125,0.1,1.5
520,485,800,0.63,0.0125,0.1,1.5
520,519,2000,0.19,0.0125,0.1,1.5
520,521,1000,0.72,0.0125,0.1,1.5
521,70,800,0.31,0.0125,0.1,1.5
521,520,2000,0.72,0.0125,0.1,1.5
521,522,1000,0.77,0.0125,0.1,1.5
522,71,800,0.37,0.0125,0.1,1.5
522,521,2000,0.77,0.0125,0.1,1.5
522,523,1000,0.58,0.0125,0.1,1.5
523,517,800,0.77,0.0125,0.1,1.5
523,522,2000,0.58,0.0125,0.1,1.5
523,524,1000,0.41,0.0125,0.1,1.5
523,572,800,1.48,0.0125,0.1,1.5
524,72,2000,0.18,0.0125,0.1,1.5
524,523,1000,0.41,0.0125,0.1,1.5
524,525,800,0.39,0.0125,0.1,1.5
525,524,2000,0.39,0.0125,0.1,1.5
525,526,1000,0.51,0.0125,0.1,1.5
525,530,800,0.37,0.0125,0.1,1.5
526,71,2000,0.56,0.0125,0.1,1.5
526,525,1000,0.51,0.0125,0.1,1.5
526,527,800,0.58,0.0125,0.1,1.5
527,526,2000,0.58,0.0125,0.1,1.5
527,528,1000,0.5,0.0125,0.1,1.5
528,70,800,1.06,0.0125,0.1,1.5
528,485,2000,0.58,0.0125,0.1,1.5
528,527,1000,0.5,0.0125,0.1,1.5
529,484,800,1.19,0.0125,0.1,1.5
529,530,2000,1,0.0125,0.1,1.5
530,525,1000,0.37,0.0125,0.1,1.5
530,529,800,1,0.0125,0.1,1.5
530,531,2000,0.71,0.0125,0.1,1.5
530,569,1000,1.75,0.0125,0.1,1.5
531,530,800,0.71,0.0125,0.1,1.5
531,532,2000,1.4,0.0125,0.1,1.5
532,61,1000,0.45,0.0125,0.1,1.5
532,531,800,1.4,0.0125,0.1,1.5
532,533,2000,1.61,0.0125,0.1,1.5
533,482,1000,1.86,0.0125,0.1,1.5
533,532,800,1.61,0.0125,0.1,1.5
533,534,2000,0.77,0.0125,0.1,1.5
534,60,1000,0.34,0.0125,0.1,1.5
534,533,800,0.77,0.0125,0.1,1.5
534,535,2000,0.8,0.0125,0.1,1.5
535,534,1000,0.8,0.0125,0.1,1.5
535,536,800,8.47,0.0125,0.1,1.5
536,139,2000,0.8,0.0125,0.1,1.5
536,535,1000,8.47,0.0125,0.1,1.5
536,537,800,3.93,0.0125,0.1,1.5
536,1055,2000,7.79,0.0125,0.1,1.5
537,536,1000,3.93,0.0125,0.1,1.5
537,556,800,4.49,0.0125,0.1,1.5
538,508,2000,0.48,0.0125,0.1,1.5
538,539,1000,0.55,0.0125,0.1,1.5
539,517,800,0.74,0.0125,0.1,1.5
539,538,2000,0.55,0.0125,0.1,1.5
539,540,1000,0.61,0.0125,0.1,1.5
540,74,800,0.5,0.0125,0.1,1.5
540,539,2000,0.61,0.0125,0.1,1.5
540,541,1000,0.68,0.0125,0.1,1.5
541,540,800,0.68,0.0125,0.1,1.5
541,542,2000,2.14,0.0125,0.1,1.5
541,571,1000,1.01,0.0125,0.1,1.5
542,76,800,0.77,0.0125,0.1,1.5
542,541,2000,2.14,0.0125,0.1,1.5
542,543,1000,1.05,0.0125,0.1,1.5
543,542,800,1.05,0.0125,0.1,1.5
543,544,2000,1.59,0.0125,0.1,1.5
544,543,1000,1.59,0.0125,0.1,1.5
544,545,800,0.38,0.0125,0.1,1.5
544,565,2000,0.82,0.0125,0.1,1.5
545,544,1000,0.38,0.0125,0.1,1.5
545,546,800,0.48,0.0125,0.1,1.5
546,545,2000,0.48,0.0125,0.1,1.5
546,547,1000,1.04,0.0125,0.1,1.5
547,546,800,1.04,0.0125,0.1,1.5
547,548,2000,0.41,0.0125,0.1,1.5
547,560,1000,1.23,0.0125,0.1,1.5
548,77,800,0.56,0.0125,0.1,1.5
548,547,2000,0.41,0.0125,0.1,1.5
548,549,1000,0.52,0.0125,0.1,1.5
549,79,800,0.53,0.0125,0.1,1.5
549,548,2000,0.52,0.0125,0.1,1.5
549,551,1000,0.78,0.0125,0.1,1.5
550,551,800,0.76,0.0125,0.1,1.5
550,621,2000,1.29,0.0125,0.1,1.5
551,549,1000,0.78,0.0125,0.1,1.5
551,550,800,0.76,0.0125,0.1,1.5
551,552,2000,5.58,0.0125,0.1,1.5
551,557,1000,0.91,0.0125,0.1,1.5
552,154,800,0.8,0.0125,0.1,1.5
552,551,2000,5.58,0.0125,0.1,1.5
552,553,1000,4.47,0.0125,0.1,1.5
553,140,800,0.8,0.0125,0.1,1.5
553,552,2000,4.47,0.0125,0.1,1.5
554,140,1000,0.8,0.0125,0.1,1.5
554,555,800,3.67,0.0125,0.1,1.5
555,154,2000,2.41,0.0125,0.1,1.5
555,554,1000,3.67,0.0125,0.1,1.5
555,556,800,5.6,0.0125,0.1,1.5
556,537,2000,4.49,0.0125,0.1,1.5
556,555,1000,5.6,0.0125,0.1,1.5
556,557,800,1.97,0.0125,0.1,1.5
556,562,2000,1.85,0.0125,0.1,1.5
557,551,1000,0.91,0.0125,0.1,1.5
557,556,800,1.97,0.0125,0.1,1.5
560,77,2000,0.47,0.0125,0.1,1.5
560,547,1000,1.23,0.0125,0.1,1.5
560,561,800,0.37,0.0125,0.1,1.5
561,560,2000,0.37,0.0125,0.1,1.5
561,562,1000,0.84,0.0125,0.1,1.5
562,78,800,0.84,0.0125,0.1,1.5
562,556,2000,1.85,0.0125,0.1,1.5
562,561,1000,0.84,0.0125,0.1,1.5
562,568,800,4.22,0.0125,0.1,1.5
565,544,2000,0.82,0.0125,0.1,1.5
565,566,1000,0.87,0.0125,0.1,1.5
566,76,800,0.56,0.0125,0.1,1.5
566,565,2000,0.87,0.0125,0.1,1.5
566,571,1000,2.24,0.0125,0.1,1.5
568,75,800,0.61,0.0125,0.1,1.5
568,562,2000,4.22,0.0125,0.1,1.5
568,569,1000,0.95,0.0125,0.1,1.5
569,530,800,1.75,0.0125,0.1,1.5
569,568,2000,0.95,0.0125,0.1,1.5
569,570,1000,1.21,0.0125,0.1,1.5
570,74,800,0.68,0.0125,0.1,1.5
570,569,2000,1.21,0.0125,0.1,1.5
570,571,1000,0.36,0.0125,0.1,1.5
571,541,800,1.01,0.0125,0.1,1.5
571,566,2000,2.24,0.0125,0.1,1.5
571,570,1000,0.36,0.0125,0.1,1.5
571,572,800,0.22,0.0125,0.1,1.5
572,74,2000,0.58,0.0125,0.1,1.5
572,523,1000,1.48,0.0125,0.1,1.5
572,571,800,0.22,0.0125,0.1,1.5
573,128,2000,1.14,0.0125,0.1,1.5
573,574,1000,1.46,0.0125,0.1,1.5
573,624,800,2.67,0.0125,0.1,1.5
574,129,2000,1.37,0.0125,0.1,1.5
574,573,1000,1.46,0.0125,0.1,1.5
574,575,800,1.62,0.0125,0.1,1.5
575,130,2000,1.53,0.0125,0.1,1.5
575,574,1000,1.62,0.0125,0.1,1.5
575,576,800,2.59,0.0125,0.1,1.5
576,141,2000,0.8,0.0125,0.1,1.5
576,575,1000,2.59,0.0125,0.1,1.5
577,141,800,0.8,0.0125,0.1,1.5
577,578,2000,2.41,0.0125,0.1,1.5
578,130,1000,1.53,0.0125,0.1,1.5
578,577,800,2.41,0.0125,0.1,1.5
578,579,2000,1.65,0.0125,0.1,1.5
579,129,1000,1.37,0.0125,0.1,1.5
579,578,800,1.65,0.0125,0.1,1.5
579,580,2000,1.45,0.0125,0.1,1.5
580,128,1000,1.14,0.0125,0.1,1.5
580,579,800,1.45,0.0125,0.1,1.5
580,621,2000,2.46,0.0125,0.1,1.5
582,81,1000,0.48,0.0125,0.1,1.5
582,586,800,0.58,0.0125,0.1,1.5
583,81,2000,0.48,0.0125,0.1,1.5
583,496,1000,0.32,0.0125,0.1,1.5
586,587,800,0.15,0.0125,0.1,1.5
586,877,2000,0.31,0.0125,0.1,1.5
586,878,1000,0.39,0.0125,0.1,1.5
587,583,800,0.67,0.0125,0.1,1.5
587,586,2000,0.15,0.0125,0.1,1.5
587,589,1000,0.31,0.0125,0.1,1.5
588,587,800,0.27,0.0125,0.1,1.5
588,589,2000,0.35,0.0125,0.1,1.5
588,877,1000,0.13,0.0125,0.1,1.5
589,587,800,0.31,0.0125,0.1,1.5
589,588,2000,0.35,0.0125,0.1,1.5
589,590,1000,0.42,0.0125,0.1,1.5
590,589,800,0.42,0.0125,0.1,1.5
590,591,2000,0.42,0.0125,0.1,1.5
590,682,1000,0.55,0.0125,0.1,1.5
591,81,800,0.48,0.0125,0.1,1.5
591,590,2000,0.42,0.0125,0.1,1.5
591,592,1000,0.66,0.0125,0.1,1.5
592,591,800,0.66,0.0125,0.1,1.5
592,593,2000,0.36,0.0125,0.1,1.5
592,675,1000,0.72,0.0125,0.1,1.5
593,83,800,0.21,0.0125,0.1,1.5
593,592,2000,0.36,0.0125,0.1,1.5
593,594,1000,0.29,0.0125,0.1,1.5
594,593,800,0.29,0.0125,0.1,1.5
594,595,2000,0.21,0.0125,0.1,1.5
595,84,1000,0.51,0.0125,0.1,1.5
595,594,800,0.21,0.0125,0.1,1.5
595,596,2000,0.21,0.0125,0.1,1.5
596,595,1000,0.21,0.0125,0.1,1.5
596,597,800,0.37,0.0125,0.1,1.5
596,668,2000,1.09,0.0125,0.1,1.5
597,596,1000,0.37,0.0125,0.1,1.5
597,598,800,0.42,0.0125,0.1,1.5
597,660,2000,0.36,0.0125,0.1,1.5
598,506,1000,0.32,0.0125,0.1,1.5
598,597,800,0.42,0.0125,0.1,1.5
598,599,2000,0.67,0.0125,0.1,1.5
598,659,1000,0.5,0.0125,0.1,1.5
599,86,800,0.34,0.0125,0.1,1.5
599,598,2000,0.67,0.0125,0.1,1.5
599,600,1000,0.52,0.0125,0.1,1.5
600,599,800,0.52,0.0125,0.1,1.5
600,601,2000,0.74,0.0125,0.1,1.5
600,649,1000,0.62,0.0125,0.1,1.5
601,88,800,0.48,0.0125,0.1,1.5
601,600,2000,0.74,0.0125,0.1,1.5
601,602,1000,0.85,0.0125,0.1,1.5
602,601,800,0.85,0.0125,0.1,1.5
602,603,2000,1.61,0.0125,0.1,1.5
602,647,1000,0.51,0.0125,0.1,1.5
603,90,800,0.5,0.0125,0.1,1.5
603,602,2000,1.61,0.0125,0.1,1.5
603,604,1000,0.2,0.0125,0.1,1.5
604,603,800,0.2,0.0125,0.1,1.5
604,605,2000,0.56,0.0125,0.1,1.5
604,642,1000,0.68,0.0125,0.1,1.5
605,89,800,0.32,0.0125,0.1,1.5
605,604,2000,0.56,0.0125,0.1,1.5
605,606,1000,0.31,0.0125,0.1,1.5
606,91,800,0.58,0.0125,0.1,1.5
606,605,2000,0.31,0.0125,0.1,1.5
606,607,1000,0.51,0.0125,0.1,1.5
607,606,800,0.51,0.0125,0.1,1.5
607,608,2000,1.01,0.0125,0.1,1.5
607,638,1000,0.94,0.0125,0.1,1.5
608,94,800,0.69,0.0125,0.1,1.5
608,607,2000,1.01,0.0125,0.1,1.5
608,609,1000,0.25,0.0125,0.1,1.5
609,92,800,0.72,0.0125,0.1,1.5
609,608,2000,0.25,0.0125,0.1,1.5
609,610,1000,0.21,0.0125,0.1,1.5
610,609,800,0.21,0.0125,0.1,1.5
610,611,2000,0.36,0.0125,0.1,1.5
611,610,1000,0.36,0.0125,0.1,1.5
611,612,800,0.24,0.0125,0.1,1.5
611,629,2000,0.66,0.0125,0.1,1.5
612,611,1000,0.24,0.0125,0.1,1.5
612,618,800,0.71,0.0125,0.1,1.5
618,95,2000,0.61,0.0125,0.1,1.5
618,612,1000,0.71,0.0125,0.1,1.5
618,619,800,0.27,0.0125,0.1,1.5
619,618,2000,0.27,0.0125,0.1,1.5
619,621,1000,0.4,0.0125,0.1,1.5
621,550,800,1.29,0.0125,0.1,1.5
621,580,2000,2.46,0.0125,0.1,1.5
621,619,1000,0.4,0.0125,0.1,1.5
621,624,800,2.04,0.0125,0.1,1.5
624,573,2000,2.67,0.0125,0.1,1.5
624,621,1000,2.04,0.0125,0.1,1.5
624,625,800,0.21,0.0125,0.1,1.5
624,632,2000,3.46,0.0125,0.1,1.5
625,95,1000,0.97,0.0125,0.1,1.5
625,624,800,0.21,0.0125,0.1,1.5
625,626,2000,1.17,0.0125,0.1,1.5
626,93,1000,1.21,0.0125,0.1,1.5
626,625,800,1.17,0.0125,0.1,1.5
626,627,2000,0.45,0.0125,0.1,1.5
626,636,1000,1.88,0.0125,0.1,1.5
627,626,800,0.45,0.0125,0.1,1.5
627,628,2000,0.38,0.0125,0.1,1.5
628,627,1000,0.38,0.0125,0.1,1.5
628,629,800,0.47,0.0125,0.1,1.5
629,611,2000,0.66,0.0125,0.1,1.5
629,628,1000,0.47,0.0125,0.1,1.5
629,630,800,1.08,0.0125,0.1,1.5
630,92,2000,0.53,0.0125,0.1,1.5
630,629,1000,1.08,0.0125,0.1,1.5
630,638,800,0.81,0.0125,0.1,1.5
631,637,2000,1.03,0.0125,0.1,1.5
632,624,1000,3.46,0.0125,0.1,1.5
632,747,800,3.09,0.0125,0.1,1.5
633,634,2000,1.38,0.0125,0.1,1.5
633,746,1000,1.74,0.0125,0.1,1.5
634,125,800,0.85,0.0125,0.1,1.5
634,633,2000,1.38,0.0125,0.1,1.5
634,635,1000,1.07,0.0125,0.1,1.5
635,93,800,1.82,0.0125,0.1,1.5
635,634,2000,1.07,0.0125,0.1,1.5
635,636,1000,0.95,0.0125,0.1,1.5
636,626,800,1.88,0.0125,0.1,1.5
636,635,2000,0.95,0.0125,0.1,1.5
636,637,1000,0.8,0.0125,0.1,1.5
637,631,800,1.03,0.0125,0.1,1.5
637,636,2000,0.8,0.0125,0.1,1.5
637,638,1000,0.79,0.0125,0.1,1.5
638,607,800,0.94,0.0125,0.1,1.5
638,630,2000,0.81,0.0125,0.1,1.5
638,637,1000,0.79,0.0125,0.1,1.5
638,639,800,0.76,0.0125,0.1,1.5
639,91,2000,0.55,0.0125,0.1,1.5
639,638,1000,0.76,0.0125,0.1,1.5
639,641,800,0.79,0.0125,0.1,1.5
641,639,2000,0.79,0.0125,0.1,1.5
641,642,1000,0.58,0.0125,0.1,1.5
641,643,800,0.98,0.0125,0.1,1.5
642,90,2000,0.71,0.0125,0.1,1.5
642,604,1000,0.68,0.0125,0.1,1.5
642,641,800,0.58,0.0125,0.1,1.5
643,90,2000,0.5,0.0125,0.1,1.5
643,641,1000,0.98,0.0125,0.1,1.5
643,646,800,1.11,0.0125,0.1,1.5
644,131,2000,0.45,0.0125,0.1,1.5
644,645,1000,0.48,0.0125,0.1,1.5
645,644,800,0.48,0.0125,0.1,1.5
645,646,2000,0.61,0.0125,0.1,1.5
646,643,1000,1.11,0.0125,0.1,1.5
646,645,800,0.61,0.0125,0.1,1.5
646,647,2000,0.47,0.0125,0.1,1.5
646,648,1000,0.8,0.0125,0.1,1.5
647,90,800,0.71,0.0125,0.1,1.5
647,602,2000,0.51,0.0125,0.1,1.5
647,646,1000,0.47,0.0125,0.1,1.5
648,88,800,0.42,0.0125,0.1,1.5
648,646,2000,0.8,0.0125,0.1,1.5
648,649,1000,0.76,0.0125,0.1,1.5
649,600,800,0.62,0.0125,0.1,1.5
649,648,2000,0.76,0.0125,0.1,1.5
649,650,1000,0.45,0.0125,0.1,1.5
649,657,800,0.54,0.0125,0.1,1.5
650,649,2000,0.45,0.0125,0.1,1.5
650,651,1000,0.36,0.0125,0.1,1.5
651,650,800,0.36,0.0125,0.1,1.5
651,652,2000,0.43,0.0125,0.1,1.5
652,651,1000,0.43,0.0125,0.1,1.5
652,653,800,0.58,0.0125,0.1,1.5
653,652,2000,0.58,0.0125,0.1,1.5
653,654,1000,0.2,0.0125,0.1,1.5
654,653,800,0.2,0.0125,0.1,1.5
654,655,2000,0.51,0.0125,0.1,1.5
654,664,1000,0.34,0.0125,0.1,1.5
655,658,800,0.41,0.0125,0.1,1.5
655,664,2000,0.51,0.0125,0.1,1.5
657,87,1000,0.35,0.0125,0.1,1.5
657,649,800,0.54,0.0125,0.1,1.5
657,659,2000,0.52,0.0125,0.1,1.5
658,655,1000,0.41,0.0125,0.1,1.5
658,659,800,0.45,0.0125,0.1,1.5
659,598,2000,0.5,0.0125,0.1,1.5
659,657,1000,0.52,0.0125,0.1,1.5
659,658,800,0.45,0.0125,0.1,1.5
659,660,2000,0.37,0.0125,0.1,1.5
660,597,1000,0.36,0.0125,0.1,1.5
660,659,800,0.37,0.0125,0.1,1.5
660,661,2000,0.51,0.0125,0.1,1.5
661,660,1000,0.51,0.0125,0.1,1.5
661,662,800,0.18,0.0125,0.1,1.5
662,85,2000,0.27,0.0125,0.1,1.5
662,661,1000,0.18,0.0125,0.1,1.5
662,663,800,0.31,0.0125,0.1,1.5
663,662,2000,0.31,0.0125,0.1,1.5
663,665,1000,0.37,0.0125,0.1,1.5
664,654,800,0.34,0.0125,0.1,1.5
664,665,2000,0.18,0.0125,0.1,1.5
664,695,1000,0.41,0.0125,0.1,1.5
665,663,800,0.37,0.0125,0.1,1.5
665,664,2000,0.18,0.0125,0.1,1.5
665,666,1000,0.5,0.0125,0.1,1.5
665,694,800,0.42,0.0125,0.1,1.5
666,665,2000,0.5,0.0125,0.1,1.5
666,667,1000,0.34,0.0125,0.1,1.5
666,670,800,0.43,0.0125,0.1,1.5
666,693,2000,0.41,0.0125,0.1,1.5
667,666,1000,0.34,0.0125,0.1,1.5
667,668,800,0.45,0.0125,0.1,1.5
668,85,2000,0.19,0.0125,0.1,1.5
668,596,1000,0.72,0.0125,0.1,1.5
668,667,800,0.45,0.0125,0.1,1.5
670,84,2000,0.51,0.0125,0.1,1.5
670,666,1000,0.43,0.0125,0.1,1.5
670,673,800,0.39,0.0125,0.1,1.5
671,100,2000,0.56,0.0125,0.1,1.5
671,672,1000,0.39,0.0125,0.1,1.5
671,693,800,0.43,0.0125,0.1,1.5
672,671,2000,0.39,0.0125,0.1,1.5
672,673,1000,0.4,0.0125,0.1,1.5
672,677,800,0.36,0.0125,0.1,1.5
673,670,2000,0.39,0.0125,0.1,1.5
673,674,1000,0.8,0.0125,0.1,1.5
673,676,800,0.36,0.0125,0.1,1.5
674,84,2000,0.35,0.0125,0.1,1.5
674,593,1000,0.49,0.0125,0.1,1.5
675,84,800,0.35,0.0125,0.1,1.5
675,676,2000,0.53,0.0125,0.1,1.5
676,673,1000,0.36,0.0125,0.1,1.5
676,677,800,0.4,0.0125,0.1,1.5
676,680,2000,0.72,0.0125,0.1,1.5
677,672,1000,0.36,0.0125,0.1,1.5
677,678,800,0.34,0.0125,0.1,1.5
677,690,2000,0.5,0.0125,0.1,1.5
678,97,1000,0.42,0.0125,0.1,1.5
678,677,800,0.34,0.0125,0.1,1.5
678,679,2000,0.76,0.0125,0.1,1.5
679,678,1000,0.76,0.0125,0.1,1.5
679,681,800,0.4,0.0125,0.1,1.5
679,688,2000,0.35,0.0125,0.1,1.5
679,689,1000,0.38,0.0125,0.1,1.5
680,82,800,0.29,0.0125,0.1,1.5
680,676,2000,0.72,0.0125,0.1,1.5
680,681,1000,0.39,0.0125,0.1,1.5
681,679,800,0.4,0.0125,0.1,1.5
681,680,2000,0.39,0.0125,0.1,1.5
681,682,1000,0.39,0.0125,0.1,1.5
681,685,800,0.42,0.0125,0.1,1.5
682,82,2000,0.29,0.0125,0.1,1.5
682,590,1000,0.55,0.0125,0.1,1.5
682,681,800,0.39,0.0125,0.1,1.5
683,80,2000,0.24,0.0125,0.1,1.5
683,588,1000,0.2,0.0125,0.1,1.5
684,80,800,0.24,0.0125,0.1,1.5
684,876,2000,0.14,0.0125,0.1,1.5
685,80,1000,0.27,0.0125,0.1,1.5
685,681,800,0.42,0.0125,0.1,1.5
685,686,2000,0.27,0.0125,0.1,1.5
686,683,1000,0.4,0.0125,0.1,1.5
686,685,800,0.27,0.0125,0.1,1.5
686,876,2000,0.14,0.0125,0.1,1.5
687,686,1000,0.4,0.0125,0.1,1.5
687,688,800,0.27,0.0125,0.1,1.5
687,875,2000,0.2,0.0125,0.1,1.5
688,98,1000,0.45,0.0125,0.1,1.5
688,679,800,0.35,0.0125,0.1,1.5
688,687,2000,0.27,0.0125,0.1,1.5
689,97,1000,0.45,0.0125,0.1,1.5
689,679,800,0.38,0.0125,0.1,1.5
689,720,2000,0.5,0.0125,0.1,1.5
690,1056,1000,0.4,0.0125,0.1,1.5
691,97,800,0.53,0.0125,0.1,1.5
691,100,2000,0.64,0.0125,0.1,1.5
691,672,1000,0.5,0.0125,0.1,1.5
693,666,800,0.41,0.0125,0.1,1.5
693,671,2000,0.43,0.0125,0.1,1.5
693,694,1000,0.53,0.0125,0.1,1.5
693,706,800,0.39,0.0125,0.1,1.5
694,665,2000,0.42,0.0125,0.1,1.5
694,693,1000,0.53,0.0125,0.1,1.5
694,695,800,0.18,0.0125,0.1,1.5
694,705,2000,0.39,0.0125,0.1,1.5
695,694,1000,0.18,0.0125,0.1,1.5
695,696,800,0.34,0.0125,0.1,1.5
695,703,2000,0.19,0.0125,0.1,1.5
696,654,1000,0.4,0.0125,0.1,1.5
696,695,800,0.34,0.0125,0.1,1.5
696,697,2000,0.21,0.0125,0.1,1.5
697,696,1000,0.21,0.0125,0.1,1.5
697,698,800,1.01,0.0125,0.1,1.5
698,697,2000,1.01,0.0125,0.1,1.5
698,699,1000,0.42,0.0125,0.1,1.5
699,105,800,0.37,0.0125,0.1,1.5
699,698,2000,0.42,0.0125,0.1,1.5
699,700,1000,1.02,0.0125,0.1,1.5
700,699,800,1.02,0.0125,0.1,1.5
700,701,2000,0.16,0.0125,0.1,1.5
701,700,1000,0.16,0.0125,0.1,1.5
701,702,800,0.19,0.0125,0.1,1.5
701,704,2000,0.36,0.0125,0.1,1.5
702,103,1000,0.27,0.0125,0.1,1.5
702,696,800,0.2,0.0125,0.1,1.5
703,103,2000,0.37,0.0125,0.1,1.5
703,704,1000,0.2,0.0125,0.1,1.5
704,701,800,0.36,0.0125,0.1,1.5
704,705,2000,0.18,0.0125,0.1,1.5
704,709,1000,1.22,0.0125,0.1,1.5
705,694,800,0.39,0.0125,0.1,1.5
705,704,2000,0.18,0.0125,0.1,1.5
705,706,1000,0.52,0.0125,0.1,1.5
705,707,800,0.53,0.0125,0.1,1.5
706,693,2000,0.39,0.0125,0.1,1.5
706,705,1000,0.52,0.0125,0.1,1.5
707,100,800,0.53,0.0125,0.1,1.5
707,705,2000,0.53,0.0125,0.1,1.5
707,708,1000,0.77,0.0125,0.1,1.5
708,707,800,0.77,0.0125,0.1,1.5
708,709,2000,0.51,0.0125,0.1,1.5
708,713,1000,0.58,0.0125,0.1,1.5
708,715,800,0.86,0.0125,0.1,1.5
709,701,2000,1.16,0.0125,0.1,1.5
709,708,1000,0.51,0.0125,0.1,1.5
709,712,800,0.53,0.0125,0.1,1.5
712,709,2000,0.53,0.0125,0.1,1.5
712,713,1000,0.58,0.0125,0.1,1.5
712,740,800,0.97,0.0125,0.1,1.5
713,708,2000,0.58,0.0125,0.1,1.5
713,712,1000,0.58,0.0125,0.1,1.5
713,714,800,0.43,0.0125,0.1,1.5
714,713,2000,0.43,0.0125,0.1,1.5
714,715,1000,0.72,0.0125,0.1,1.5
714,735,800,0.37,0.0125,0.1,1.5
715,708,2000,0.86,0.0125,0.1,1.5
715,714,1000,0.72,0.0125,0.1,1.5
715,716,800,0.48,0.0125,0.1,1.5
716,691,2000,0.96,0.0125,0.1,1.5
716,715,1000,0.48,0.0125,0.1,1.5
716,717,800,0.27,0.0125,0.1,1.5
716,734,2000,1,0.0125,0.1,1.5
717,716,1000,0.27,0.0125,0.1,1.5
717,718,800,0.26,0.0125,0.1,1.5
718,101,2000,0.39,0.0125,0.1,1.5
718,717,1000,0.26,0.0125,0.1,1.5
718,719,800,0.5,0.0125,0.1,1.5
719,718,2000,0.5,0.0125,0.1,1.5
719,720,1000,0.27,0.0125,0.1,1.5
719,726,800,0.43,0.0125,0.1,1.5
720,689,2000,0.5,0.0125,0.1,1.5
720,719,1000,0.27,0.0125,0.1,1.5
720,721,800,0.35,0.0125,0.1,1.5
720,725,2000,0.42,0.0125,0.1,1.5
721,98,1000,0.29,0.0125,0.1,1.5
721,720,800,0.35,0.0125,0.1,1.5
721,722,2000,0.37,0.0125,0.1,1.5
722,721,1000,0.37,0.0125,0.1,1.5
722,873,800,0.24,0.0125,0.1,1.5
723,724,2000,0.39,0.0125,0.1,1.5
723,729,1000,0.45,0.0125,0.1,1.5
723,869,800,0.16,0.0125,0.1,1.5
723,902,2000,0.5,0.0125,0.1,1.5
724,98,1000,0.34,0.0125,0.1,1.5
724,723,800,0.39,0.0125,0.1,1.5
724,725,2000,0.45,0.0125,0.1,1.5
725,720,1000,0.42,0.0125,0.1,1.5
725,724,800,0.45,0.0125,0.1,1.5
725,726,2000,0.45,0.0125,0.1,1.5
725,732,1000,0.24,0.0125,0.1,1.5
726,719,800,0.43,0.0125,0.1,1.5
726,725,2000,0.45,0.0125,0.1,1.5
726,733,1000,0.52,0.0125,0.1,1.5
727,96,800,0.16,0.0125,0.1,1.5
727,728,2000,0.5,0.0125,0.1,1.5
727,981,1000,0.24,0.0125,0.1,1.5
728,727,800,0.5,0.0125,0.1,1.5
728,729,2000,0.5,0.0125,0.1,1.5
728,768,1000,0.37,0.0125,0.1,1.5
728,903,800,0.45,0.0125,0.1,1.5
729,723,2000,0.45,0.0125,0.1,1.5
729,728,1000,0.5,0.0125,0.1,1.5
729,730,800,0.57,0.0125,0.1,1.5
730,99,2000,0.23,0.0125,0.1,1.5
730,729,1000,0.57,0.0125,0.1,1.5
730,731,800,0.37,0.0125,0.1,1.5
731,730,2000,0.37,0.0125,0.1,1.5
731,732,1000,0.22,0.0125,0.1,1.5
731,733,800,0.63,0.0125,0.1,1.5
731,762,2000,0.32,0.0125,0.1,1.5
732,99,1000,0.31,0.0125,0.1,1.5
732,725,800,0.24,0.0125,0.1,1.5
732,731,2000,0.22,0.0125,0.1,1.5
733,726,1000,0.52,0.0125,0.1,1.5
733,731,800,0.63,0.0125,0.1,1.5
733,734,2000,0.64,0.0125,0.1,1.5
733,758,1000,0.39,0.0125,0.1,1.5
734,101,800,0.39,0.0125,0.1,1.5
734,716,2000,1,0.0125,0.1,1.5
734,733,1000,0.64,0.0125,0.1,1.5
734,736,800,1.56,0.0125,0.1,1.5
735,104,2000,0.39,0.0125,0.1,1.5
735,714,1000,0.37,0.0125,0.1,1.5
735,736,800,0.21,0.0125,0.1,1.5
736,734,2000,1.56,0.0125,0.1,1.5
736,735,1000,0.21,0.0125,0.1,1.5
736,737,800,0.21,0.0125,0.1,1.5
736,739,2000,0.47,0.0125,0.1,1.5
737,736,1000,0.21,0.0125,0.1,1.5
737,738,800,0.13,0.0125,0.1,1.5
738,737,2000,0.13,0.0125,0.1,1.5
738,742,1000,0.94,0.0125,0.1,1.5
738,753,800,0.79,0.0125,0.1,1.5
739,104,2000,0.39,0.0125,0.1,1.5
739,736,1000,0.47,0.0125,0.1,1.5
739,740,800,0.61,0.0125,0.1,1.5
740,104,2000,0.39,0.0125,0.1,1.5
740,712,1000,0.97,0.0125,0.1,1.5
740,739,800,0.61,0.0125,0.1,1.5
740,741,2000,0.18,0.0125,0.1,1.5
741,740,1000,0.18,0.0125,0.1,1.5
741,742,800,0.23,0.0125,0.1,1.5
742,738,2000,0.94,0.0125,0.1,1.5
742,741,1000,0.23,0.0125,0.1,1.5
742,743,800,0.6,0.0125,0.1,1.5
743,742,2000,0.6,0.0125,0.1,1.5
743,744,1000,1.64,0.0125,0.1,1.5
743,753,800,1.22,0.0125,0.1,1.5
744,106,2000,0.6,0.0125,0.1,1.5
744,743,1000,1.64,0.0125,0.1,1.5
744,745,800,0.64,0.0125,0.1,1.5
745,744,2000,0.64,0.0125,0.1,1.5
745,746,1000,3.33,0.0125,0.1,1.5
745,752,800,0.88,0.0125,0.1,1.5
745,787,2000,1.22,0.0125,0.1,1.5
746,633,1000,1.74,0.0125,0.1,1.5
746,745,800,3.33,0.0125,0.1,1.5
746,747,2000,3.54,0.0125,0.1,1.5
747,142,1000,0.8,0.0125,0.1,1.5
747,632,800,3.09,0.0125,0.1,1.5
747,746,2000,3.54,0.0125,0.1,1.5
747,748,1000,3.78,0.0125,0.1,1.5
748,143,800,0.8,0.0125,0.1,1.5
748,747,2000,3.78,0.0125,0.1,1.5
748,749,1000,6.58,0.0125,0.1,1.5
749,144,800,0.8,0.0125,0.1,1.5
749,748,2000,6.58,0.0125,0.1,1.5
749,750,1000,1.61,0.0125,0.1,1.5
749,850,800,5.1,0.0125,0.1,1.5
750,749,2000,1.61,0.0125,0.1,1.5
750,751,1000,1.63,0.0125,0.1,1.5
751,750,800,1.63,0.0125,0.1,1.5
751,752,2000,1.06,0.0125,0.1,1.5
752,126,1000,0.45,0.0125,0.1,1.5
752,745,800,0.88,0.0125,0.1,1.5
752,751,2000,1.06,0.0125,0.1,1.5
753,738,1000,0.79,0.0125,0.1,1.5
753,743,800,1.22,0.0125,0.1,1.5
753,754,2000,0.69,0.0125,0.1,1.5
753,784,1000,0.5,0.0125,0.1,1.5
754,102,800,0.29,0.0125,0.1,1.5
754,753,2000,0.69,0.0125,0.1,1.5
754,755,1000,1.39,0.0125,0.1,1.5
755,754,800,1.39,0.0125,0.1,1.5
755,756,2000,0.24,0.0125,0.1,1.5
755,759,1000,0.79,0.0125,0.1,1.5
755,780,800,0.46,0.0125,0.1,1.5
756,102,2000,0.71,0.0125,0.1,1.5
756,755,1000,0.24,0.0125,0.1,1.5
756,757,800,0.28,0.0125,0.1,1.5
757,756,2000,0.28,0.0125,0.1,1.5
757,758,1000,0.25,0.0125,0.1,1.5
757,761,800,0.98,0.0125,0.1,1.5
758,733,2000,0.39,0.0125,0.1,1.5
758,757,1000,0.25,0.0125,0.1,1.5
759,109,800,0.37,0.0125,0.1,1.5
759,755,2000,0.79,0.0125,0.1,1.5
759,760,1000,0.41,0.0125,0.1,1.5
760,759,800,0.41,0.0125,0.1,1.5
760,761,2000,0.36,0.0125,0.1,1.5
760,763,1000,0.6,0.0125,0.1,1.5
760,778,800,0.43,0.0125,0.1,1.5
761,757,2000,0.98,0.0125,0.1,1.5
761,760,1000,0.36,0.0125,0.1,1.5
761,762,800,0.37,0.0125,0.1,1.5
761,764,2000,0.61,0.0125,0.1,1.5
762,731,1000,0.32,0.0125,0.1,1.5
762,761,800,0.37,0.0125,0.1,1.5
763,760,2000,0.6,0.0125,0.1,1.5
763,764,1000,0.37,0.0125,0.1,1.5
763,765,800,0.4,0.0125,0.1,1.5
763,777,2000,0.42,0.0125,0.1,1.5
764,761,1000,0.61,0.0125,0.1,1.5
764,763,800,0.37,0.0125,0.1,1.5
764,767,2000,0.63,0.0125,0.1,1.5
765,107,1000,0.39,0.0125,0.1,1.5
765,763,800,0.4,0.0125,0.1,1.5
765,766,2000,0.32,0.0125,0.1,1.5
766,765,1000,0.32,0.0125,0.1,1.5
766,767,800,0.35,0.0125,0.1,1.5
766,769,2000,0.33,0.0125,0.1,1.5
766,775,1000,0.42,0.0125,0.1,1.5
767,764,800,0.63,0.0125,0.1,1.5
767,766,2000,0.35,0.0125,0.1,1.5
767,768,1000,0.32,0.0125,0.1,1.5
767,770,800,0.4,0.0125,0.1,1.5
768,728,2000,0.37,0.0125,0.1,1.5
768,767,1000,0.32,0.0125,0.1,1.5
769,108,800,0.27,0.0125,0.1,1.5
769,766,2000,0.33,0.0125,0.1,1.5
769,771,1000,0.43,0.0125,0.1,1.5
770,108,800,0.34,0.0125,0.1,1.5
770,767,2000,0.4,0.0125,0.1,1.5
770,772,1000,0.47,0.0125,0.1,1.5
771,769,800,0.43,0.0125,0.1,1.5
771,772,2000,0.38,0.0125,0.1,1.5
771,774,1000,0.43,0.0125,0.1,1.5
772,770,800,0.47,0.0125,0.1,1.5
772,771,2000,0.38,0.0125,0.1,1.5
772,773,1000,0.08,0.0125,0.1,1.5
773,10,800,0.4,0.0125,0.1,1.5
773,772,2000,0.08,0.0125,0.1,1.5
773,1044,1000,0.18,0.0125,0.1,1.5
774,771,800,0.43,0.0125,0.1,1.5
774,775,2000,0.61,0.0125,0.1,1.5
774,801,1000,0.29,0.0125,0.1,1.5
775,766,800,0.42,0.0125,0.1,1.5
775,774,2000,0.61,0.0125,0.1,1.5
775,776,1000,0.31,0.0125,0.1,1.5
775,800,800,0.27,0.0125,0.1,1.5
776,107,2000,0.43,0.0125,0.1,1.5
776,775,1000,0.31,0.0125,0.1,1.5
776,777,800,0.33,0.0125,0.1,1.5
777,763,2000,0.42,0.0125,0.1,1.5
777,776,1000,0.33,0.0125,0.1,1.5
777,778,800,0.61,0.0125,0.1,1.5
777,799,2000,0.17,0.0125,0.1,1.5
778,760,1000,0.43,0.0125,0.1,1.5
778,777,800,0.61,0.0125,0.1,1.5
778,779,2000,0.4,0.0125,0.1,1.5
778,798,1000,0.16,0.0125,0.1,1.5
779,109,800,0.45,0.0125,0.1,1.5
779,778,2000,0.4,0.0125,0.1,1.5
779,780,1000,0.89,0.0125,0.1,1.5
780,755,800,0.46,0.0125,0.1,1.5
780,779,2000,0.89,0.0125,0.1,1.5
780,781,1000,0.69,0.0125,0.1,1.5
780,796,800,0.19,0.0125,0.1,1.5
781,114,2000,0.58,0.0125,0.1,1.5
781,780,1000,0.69,0.0125,0.1,1.5
781,782,800,1.06,0.0125,0.1,1.5
782,781,2000,1.06,0.0125,0.1,1.5
782,783,1000,0.52,0.0125,0.1,1.5
783,113,800,0.35,0.0125,0.1,1.5
783,782,2000,0.52,0.0125,0.1,1.5
783,785,1000,0.65,0.0125,0.1,1.5
784,113,800,0.39,0.0125,0.1,1.5
784,753,2000,0.5,0.0125,0.1,1.5
784,785,1000,0.39,0.0125,0.1,1.5
785,783,800,0.65,0.0125,0.1,1.5
785,784,2000,0.39,0.0125,0.1,1.5
785,791,1000,0.39,0.0125,0.1,1.5
787,106,800,1,0.0125,0.1,1.5
787,126,2000,0.48,0.0125,0.1,1.5
787,745,1000,1.22,0.0125,0.1,1.5
787,790,800,1.31,0.0125,0.1,1.5
788,789,2000,0.72,0.0125,0.1,1.5
789,126,1000,0.48,0.0125,0.1,1.5
789,788,800,0.72,0.0125,0.1,1.5
789,790,2000,0.97,0.0125,0.1,1.5
790,787,1000,1.31,0.0125,0.1,1.5
790,789,800,0.97,0.0125,0.1,1.5
790,791,2000,0.55,0.0125,0.1,1.5
790,829,1000,1.48,0.0125,0.1,1.5
791,106,800,0.69,0.0125,0.1,1.5
791,785,2000,0.39,0.0125,0.1,1.5
791,790,1000,0.55,0.0125,0.1,1.5
796,780,800,0.19,0.0125,0.1,1.5
796,809,2000,0.37,0.0125,0.1,1.5
798,778,1000,0.16,0.0125,0.1,1.5
798,807,800,0.38,0.0125,0.1,1.5
799,777,2000,0.17,0.0125,0.1,1.5
799,806,1000,0.37,0.0125,0.1,1.5
800,775,800,0.27,0.0125,0.1,1.5
800,801,2000,0.63,0.0125,0.1,1.5
800,804,1000,0.28,0.0125,0.1,1.5
801,774,800,0.29,0.0125,0.1,1.5
801,800,2000,0.63,0.0125,0.1,1.5
801,802,1000,0.63,0.0125,0.1,1.5
801,803,800,0.27,0.0125,0.1,1.5
802,159,2000,0.95,0.0125,0.1,1.5
802,801,1000,0.63,0.0125,0.1,1.5
803,801,800,0.27,0.0125,0.1,1.5
803,804,2000,0.53,0.0125,0.1,1.5
803,816,1000,0.44,0.0125,0.1,1.5
804,800,800,0.28,0.0125,0.1,1.5
804,803,2000,0.53,0.0125,0.1,1.5
804,805,1000,0.31,0.0125,0.1,1.5
804,815,800,0.47,0.0125,0.1,1.5
805,111,2000,0.5,0.0125,0.1,1.5
805,804,1000,0.31,0.0125,0.1,1.5
805,806,800,0.31,0.0125,0.1,1.5
806,799,2000,0.37,0.0125,0.1,1.5
806,805,1000,0.31,0.0125,0.1,1.5
806,807,800,0.61,0.0125,0.1,1.5
806,814,2000,0.6,0.0125,0.1,1.5
807,798,1000,0.38,0.0125,0.1,1.5
807,806,800,0.61,0.0125,0.1,1.5
807,808,2000,0.74,0.0125,0.1,1.5
807,813,1000,0.48,0.0125,0.1,1.5
808,110,800,0.48,0.0125,0.1,1.5
808,807,2000,0.74,0.0125,0.1,1.5
808,809,1000,0.57,0.0125,0.1,1.5
809,796,800,0.37,0.0125,0.1,1.5
809,808,2000,0.57,0.0125,0.1,1.5
809,810,1000,0.48,0.0125,0.1,1.5
810,110,800,0.55,0.0125,0.1,1.5
810,809,2000,0.48,0.0125,0.1,1.5
810,812,1000,0.3,0.0125,0.1,1.5
812,114,800,0.74,0.0125,0.1,1.5
812,810,2000,0.3,0.0125,0.1,1.5
812,826,1000,0.34,0.0125,0.1,1.5
813,110,800,0.45,0.0125,0.1,1.5
813,807,2000,0.48,0.0125,0.1,1.5
813,823,1000,0.5,0.0125,0.1,1.5
814,111,800,0.34,0.0125,0.1,1.5
814,806,2000,0.6,0.0125,0.1,1.5
814,822,1000,0.51,0.0125,0.1,1.5
815,111,800,0.4,0.0125,0.1,1.5
815,112,2000,0.45,0.0125,0.1,1.5
815,804,1000,0.47,0.0125,0.1,1.5
815,820,800,0.51,0.0125,0.1,1.5
816,112,2000,0.31,0.0125,0.1,1.5
816,803,1000,0.44,0.0125,0.1,1.5
816,819,800,0.51,0.0125,0.1,1.5
819,816,2000,0.51,0.0125,0.1,1.5
819,820,1000,0.48,0.0125,0.1,1.5
819,840,800,0.77,0.0125,0.1,1.5
820,815,2000,0.51,0.0125,0.1,1.5
820,819,1000,0.48,0.0125,0.1,1.5
820,821,800,0.31,0.0125,0.1,1.5
820,839,2000,0.78,0.0125,0.1,1.5
821,111,1000,0.39,0.0125,0.1,1.5
821,820,800,0.31,0.0125,0.1,1.5
821,822,2000,0.4,0.0125,0.1,1.5
822,814,1000,0.51,0.0125,0.1,1.5
822,821,800,0.4,0.0125,0.1,1.5
822,823,2000,0.6,0.0125,0.1,1.5
822,837,1000,0.77,0.0125,0.1,1.5
823,813,800,0.5,0.0125,0.1,1.5
823,822,2000,0.6,0.0125,0.1,1.5
823,824,1000,0.23,0.0125,0.1,1.5
824,823,800,0.23,0.0125,0.1,1.5
824,825,2000,0.43,0.0125,0.1,1.5
825,110,1000,0.42,0.0125,0.1,1.5
825,115,800,0.58,0.0125,0.1,1.5
825,824,2000,0.43,0.0125,0.1,1.5
825,826,1000,0.61,0.0125,0.1,1.5
826,812,800,0.34,0.0125,0.1,1.5
826,825,2000,0.61,0.0125,0.1,1.5
826,827,1000,0.53,0.0125,0.1,1.5
826,835,800,0.77,0.0125,0.1,1.5
827,826,2000,0.53,0.0125,0.1,1.5
827,828,1000,0.48,0.0125,0.1,1.5
828,114,800,0.58,0.0125,0.1,1.5
828,827,2000,0.48,0.0125,0.1,1.5
828,829,1000,0.71,0.0125,0.1,1.5
829,120,800,0.56,0.0125,0.1,1.5
829,790,2000,1.48,0.0125,0.1,1.5
829,828,1000,0.71,0.0125,0.1,1.5
835,115,800,0.53,0.0125,0.1,1.5
835,120,2000,0.84,0.0125,0.1,1.5
835,826,1000,0.77,0.0125,0.1,1.5
835,847,800,1.06,0.0125,0.1,1.5
837,822,2000,0.77,0.0125,0.1,1.5
837,838,1000,0.42,0.0125,0.1,1.5
838,116,800,0.21,0.0125,0.1,1.5
838,837,2000,0.42,0.0125,0.1,1.5
838,845,1000,0.72,0.0125,0.1,1.5
839,820,800,0.78,0.0125,0.1,1.5
839,842,2000,0.92,0.0125,0.1,1.5
840,819,1000,0.77,0.0125,0.1,1.5
840,841,800,0.65,0.0125,0.1,1.5
841,117,2000,0.32,0.0125,0.1,1.5
841,840,1000,0.65,0.0125,0.1,1.5
841,843,800,0.56,0.0125,0.1,1.5
842,117,2000,0.4,0.0125,0.1,1.5
842,839,1000,0.92,0.0125,0.1,1.5
842,844,800,0.24,0.0125,0.1,1.5
843,841,2000,0.56,0.0125,0.1,1.5
843,844,1000,0.55,0.0125,0.1,1.5
843,868,800,0.45,0.0125,0.1,1.5
844,119,2000,0.37,0.0125,0.1,1.5
844,842,1000,0.24,0.0125,0.1,1.5
844,843,800,0.55,0.0125,0.1,1.5
844,845,2000,0.72,0.0125,0.1,1.5
845,838,1000,0.72,0.0125,0.1,1.5
845,844,800,0.72,0.0125,0.1,1.5
845,846,2000,0.77,0.0125,0.1,1.5
846,118,1000,0.34,0.0125,0.1,1.5
846,845,800,0.77,0.0125,0.1,1.5
846,847,2000,1.09,0.0125,0.1,1.5
847,835,1000,1.06,0.0125,0.1,1.5
847,846,800,1.09,0.0125,0.1,1.5
847,848,2000,1.16,0.0125,0.1,1.5
847,859,1000,0.37,0.0125,0.1,1.5
848,120,800,0.84,0.0125,0.1,1.5
848,847,2000,1.16,0.0125,0.1,1.5
848,849,1000,2.33,0.0125,0.1,1.5
849,848,800,2.33,0.0125,0.1,1.5
850,749,2000,5.1,0.0125,0.1,1.5
850,851,1000,0.54,0.0125,0.1,1.5
851,850,800,0.54,0.0125,0.1,1.5
851,852,2000,2.86,0.0125,0.1,1.5
852,851,1000,2.86,0.0125,0.1,1.5
852,853,800,0.58,0.0125,0.1,1.5
853,145,2000,0.8,0.0125,0.1,1.5
853,852,1000,0.58,0.0125,0.1,1.5
853,854,800,1.01,0.0125,0.1,1.5
853,862,2000,2.88,0.0125,0.1,1.5
854,853,1000,1.01,0.0125,0.1,1.5
854,855,800,0.83,0.0125,0.1,1.5
855,854,2000,0.83,0.0125,0.1,1.5
855,856,1000,1.43,0.0125,0.1,1.5
856,123,800,0.8,0.0125,0.1,1.5
856,855,2000,1.43,0.0125,0.1,1.5
856,857,1000,0.71,0.0125,0.1,1.5
857,856,800,0.71,0.0125,0.1,1.5
857,858,2000,0.52,0.0125,0.1,1.5
858,121,1000,0.92,0.0125,0.1,1.5
858,857,800,0.52,0.0125,0.1,1.5
858,859,2000,0.45,0.0125,0.1,1.5
859,118,1000,0.76,0.0125,0.1,1.5
859,847,800,0.37,0.0125,0.1,1.5
859,858,2000,0.45,0.0125,0.1,1.5
860,146,1000,0.8,0.0125,0.1,1.5
860,861,800,0.54,0.0125,0.1,1.5
861,124,2000,0.45,0.0125,0.1,1.5
861,860,1000,0.54,0.0125,0.1,1.5
861,862,800,1.25,0.0125,0.1,1.5
862,174,2000,0.84,0.0125,0.1,1.5
862,853,1000,2.88,0.0125,0.1,1.5
862,861,800,1.25,0.0125,0.1,1.5
862,863,2000,0.89,0.0125,0.1,1.5
863,862,1000,0.89,0.0125,0.1,1.5
863,864,800,1.38,0.0125,0.1,1.5
864,122,2000,0.42,0.0125,0.1,1.5
864,863,1000,1.38,0.0125,0.1,1.5
864,865,800,0.95,0.0125,0.1,1.5
865,864,2000,0.95,0.0125,0.1,1.5
865,866,1000,0.41,0.0125,0.1,1.5
866,121,800,0.34,0.0125,0.1,1.5
866,865,2000,0.41,0.0125,0.1,1.5
866,868,1000,0.59,0.0125,0.1,1.5
868,119,800,0.35,0.0125,0.1,1.5
868,843,2000,0.45,0.0125,0.1,1.5
868,866,1000,0.59,0.0125,0.1,1.5
869,723,800,0.16,0.0125,0.1,1.5
869,870,2000,0.13,0.0125,0.1,1.5
870,869,1000,0.13,0.0125,0.1,1.5
870,871,800,0.16,0.0125,0.1,1.5
870,900,2000,0.44,0.0125,0.1,1.5
871,870,1000,0.16,0.0125,0.1,1.5
871,872,800,0.13,0.0125,0.1,1.5
872,722,2000,0.14,0.0125,0.1,1.5
872,873,1000,0.16,0.0125,0.1,1.5
873,687,800,0.45,0.0125,0.1,1.5
873,874,2000,0.21,0.0125,0.1,1.5
874,871,1000,0.19,0.0125,0.1,1.5
874,898,800,0.4,0.0125,0.1,1.5
875,687,2000,0.2,0.0125,0.1,1.5
875,874,1000,0.37,0.0125,0.1,1.5
875,897,800,0.14,0.0125,0.1,1.5
876,686,2000,0.14,0.0125,0.1,1.5
876,875,1000,0.41,0.0125,0.1,1.5
876,894,800,0.15,0.0125,0.1,1.5
877,588,2000,0.13,0.0125,0.1,1.5
877,684,1000,0.45,0.0125,0.1,1.5
877,889,800,0.37,0.0125,0.1,1.5
878,586,2000,0.39,0.0125,0.1,1.5
878,879,1000,0.11,0.0125,0.1,1.5
879,878,800,0.11,0.0125,0.1,1.5
879,883,2000,0.31,0.0125,0.1,1.5
880,408,1000,0.17,0.0125,0.1,1.5
880,881,800,0.11,0.0125,0.1,1.5
881,880,2000,0.11,0.0125,0.1,1.5
881,882,1000,0.25,0.0125,0.1,1.5
881,914,800,0.34,0.0125,0.1,1.5
882,5,2000,0.26,0.0125,0.1,1.5
882,881,1000,0.25,0.0125,0.1,1.5
882,883,800,0.13,0.0125,0.1,1.5
883,879,2000,0.31,0.0125,0.1,1.5
883,882,1000,0.13,0.0125,0.1,1.5
883,884,800,0.25,0.0125,0.1,1.5
883,913,2000,0.16,0.0125,0.1,1.5
884,883,1000,0.25,0.0125,0.1,1.5
884,885,800,0.16,0.0125,0.1,1.5
884,912,2000,0.09,0.0125,0.1,1.5
885,884,1000,0.16,0.0125,0.1,1.5
885,887,800,0.11,0.0125,0.1,1.5
885,890,2000,0.14,0.0125,0.1,1.5
886,884,1000,0.08,0.0125,0.1,1.5
887,886,800,0.18,0.0125,0.1,1.5
887,888,2000,0.27,0.0125,0.1,1.5
888,887,1000,0.27,0.0125,0.1,1.5
888,889,800,0.11,0.0125,0.1,1.5
888,891,2000,0.29,0.0125,0.1,1.5
889,877,1000,0.37,0.0125,0.1,1.5
889,888,800,0.11,0.0125,0.1,1.5
890,6,2000,0.18,0.0125,0.1,1.5
890,885,1000,0.14,0.0125,0.1,1.5
890,891,800,0.11,0.0125,0.1,1.5
891,888,2000,0.29,0.0125,0.1,1.5
891,890,1000,0.11,0.0125,0.1,1.5
891,892,800,0.27,0.0125,0.1,1.5
891,907,2000,0.11,0.0125,0.1,1.5
892,891,1000,0.27,0.0125,0.1,1.5
892,893,800,0.15,0.0125,0.1,1.5
892,895,2000,0.11,0.0125,0.1,1.5
892,906,1000,0.07,0.0125,0.1,1.5
893,892,800,0.15,0.0125,0.1,1.5
893,894,2000,0.24,0.0125,0.1,1.5
894,876,1000,0.15,0.0125,0.1,1.5
894,893,800,0.24,0.0125,0.1,1.5
895,8,2000,0.21,0.0125,0.1,1.5
895,892,1000,0.11,0.0125,0.1,1.5
895,896,800,0.27,0.0125,0.1,1.5
896,895,2000,0.27,0.0125,0.1,1.5
896,897,1000,0.31,0.0125,0.1,1.5
896,898,800,0.21,0.0125,0.1,1.5
896,905,2000,0.11,0.0125,0.1,1.5
897,875,1000,0.14,0.0125,0.1,1.5
897,896,800,0.31,0.0125,0.1,1.5
898,896,2000,0.21,0.0125,0.1,1.5
898,899,1000,0.16,0.0125,0.1,1.5
898,904,800,0.08,0.0125,0.1,1.5
899,871,2000,0.44,0.0125,0.1,1.5
899,898,1000,0.16,0.0125,0.1,1.5
899,900,800,0.16,0.0125,0.1,1.5
900,899,2000,0.16,0.0125,0.1,1.5
900,901,1000,0.13,0.0125,0.1,1.5
900,944,800,0.31,0.0125,0.1,1.5
901,869,2000,0.45,0.0125,0.1,1.5
901,900,1000,0.13,0.0125,0.1,1.5
901,902,800,0.17,0.0125,0.1,1.5
902,723,2000,0.5,0.0125,0.1,1.5
902,901,1000,0.17,0.0125,0.1,1.5
902,903,800,0.21,0.0125,0.1,1.5
902,948,2000,0.26,0.0125,0.1,1.5
903,728,1000,0.45,0.0125,0.1,1.5
903,902,800,0.21,0.0125,0.1,1.5
904,905,2000,0.19,0.0125,0.1,1.5
904,924,1000,0.08,0.0125,0.1,1.5
905,896,800,0.11,0.0125,0.1,1.5
905,904,2000,0.19,0.0125,0.1,1.5
905,922,1000,0.3,0.0125,0.1,1.5
905,925,800,0.11,0.0125,0.1,1.5
906,892,2000,0.07,0.0125,0.1,1.5
906,922,1000,0.12,0.0125,0.1,1.5
907,891,800,0.11,0.0125,0.1,1.5
907,906,2000,0.27,0.0125,0.1,1.5
907,921,1000,0.11,0.0125,0.1,1.5
908,907,800,0.1,0.0125,0.1,1.5
908,920,2000,0.11,0.0125,0.1,1.5
909,908,1000,0.06,0.0125,0.1,1.5
910,885,800,0.11,0.0125,0.1,1.5
910,909,2000,0.13,0.0125,0.1,1.5
911,910,1000,0.14,0.0125,0.1,1.5
911,916,800,0.02,0.0125,0.1,1.5
912,5,2000,0.31,0.0125,0.1,1.5
912,911,1000,0.08,0.0125,0.1,1.5
913,5,800,0.23,0.0125,0.1,1.5
913,883,2000,0.16,0.0125,0.1,1.5
913,915,1000,0.18,0.0125,0.1,1.5
914,881,800,0.34,0.0125,0.1,1.5
914,932,2000,0.11,0.0125,0.1,1.5
915,913,1000,0.18,0.0125,0.1,1.5
915,914,800,0.39,0.0125,0.1,1.5
915,931,2000,0.11,0.0125,0.1,1.5
916,6,1000,0.24,0.0125,0.1,1.5
916,917,800,0.07,0.0125,0.1,1.5
917,915,2000,0.22,0.0125,0.1,1.5
917,930,1000,0.11,0.0125,0.1,1.5
918,910,800,0.11,0.0125,0.1,1.5
918,917,2000,0.18,0.0125,0.1,1.5
919,6,1000,0.11,0.0125,0.1,1.5
919,918,800,0.06,0.0125,0.1,1.5
920,908,2000,0.11,0.0125,0.1,1.5
920,918,1000,0.18,0.0125,0.1,1.5
920,928,800,0.11,0.0125,0.1,1.5
921,907,2000,0.11,0.0125,0.1,1.5
921,920,1000,0.11,0.0125,0.1,1.5
921,927,800,0.11,0.0125,0.1,1.5
922,8,2000,0.23,0.0125,0.1,1.5
922,905,1000,0.3,0.0125,0.1,1.5
922,906,800,0.12,0.0125,0.1,1.5
922,921,2000,0.26,0.0125,0.1,1.5
922,926,1000,0.11,0.0125,0.1,1.5
923,899,800,0.16,0.0125,0.1,1.5
924,925,2000,0.13,0.0125,0.1,1.5
924,941,1000,0.13,0.0125,0.1,1.5
925,905,800,0.11,0.0125,0.1,1.5
925,924,2000,0.13,0.0125,0.1,1.5
925,926,1000,0.3,0.0125,0.1,1.5
926,922,800,0.11,0.0125,0.1,1.5
926,925,2000,0.3,0.0125,0.1,1.5
926,939,1000,0.11,0.0125,0.1,1.5
927,921,800,0.11,0.0125,0.1,1.5
927,926,2000,0.23,0.0125,0.1,1.5
927,938,1000,0.11,0.0125,0.1,1.5
928,920,800,0.11,0.0125,0.1,1.5
928,927,2000,0.13,0.0125,0.1,1.5
928,937,1000,0.11,0.0125,0.1,1.5
929,919,800,0.05,0.0125,0.1,1.5
929,928,2000,0.18,0.0125,0.1,1.5
930,929,1000,0.18,0.0125,0.1,1.5
930,935,800,0.11,0.0125,0.1,1.5
931,915,2000,0.11,0.0125,0.1,1.5
931,930,1000,0.19,0.0125,0.1,1.5
931,934,800,0.11,0.0125,0.1,1.5
932,914,2000,0.11,0.0125,0.1,1.5
932,931,1000,0.36,0.0125,0.1,1.5
932,933,800,0.11,0.0125,0.1,1.5
933,932,2000,0.11,0.0125,0.1,1.5
933,962,1000,0.11,0.0125,0.1,1.5
934,931,800,0.11,0.0125,0.1,1.5
934,933,2000,0.35,0.0125,0.1,1.5
934,960,1000,0.11,0.0125,0.1,1.5
935,934,800,0.2,0.0125,0.1,1.5
935,959,2000,0.11,0.0125,0.1,1.5
936,929,1000,0.11,0.0125,0.1,1.5
936,935,800,0.18,0.0125,0.1,1.5
937,928,2000,0.11,0.0125,0.1,1.5
937,936,1000,0.18,0.0125,0.1,1.5
937,957,800,0.11,0.0125,0.1,1.5
938,927,2000,0.11,0.0125,0.1,1.5
938,937,1000,0.14,0.0125,0.1,1.5
938,956,800,0.11,0.0125,0.1,1.5
939,926,2000,0.11,0.0125,0.1,1.5
939,938,1000,0.22,0.0125,0.1,1.5
939,955,800,0.11,0.0125,0.1,1.5
940,939,2000,0.29,0.0125,0.1,1.5
940,954,1000,0.18,0.0125,0.1,1.5
941,7,800,0.35,0.0125,0.1,1.5
941,940,2000,0.06,0.0125,0.1,1.5
942,7,1000,0.32,0.0125,0.1,1.5
942,923,800,0.08,0.0125,0.1,1.5
943,940,2000,0.17,0.0125,0.1,1.5
943,942,1000,0.15,0.0125,0.1,1.5
944,7,800,0.29,0.0125,0.1,1.5
944,945,2000,0.09,0.0125,0.1,1.5
945,943,1000,0.16,0.0125,0.1,1.5
945,952,800,0.08,0.0125,0.1,1.5
946,7,2000,0.32,0.0125,0.1,1.5
946,901,1000,0.24,0.0125,0.1,1.5
947,945,800,0.13,0.0125,0.1,1.5
947,946,2000,0.14,0.0125,0.1,1.5
948,7,1000,0.35,0.0125,0.1,1.5
948,902,800,0.26,0.0125,0.1,1.5
948,949,2000,0.08,0.0125,0.1,1.5
949,947,1000,0.16,0.0125,0.1,1.5
949,948,800,0.08,0.0125,0.1,1.5
949,950,2000,0.08,0.0125,0.1,1.5
950,949,1000,0.08,0.0125,0.1,1.5
950,978,800,0.17,0.0125,0.1,1.5
951,947,2000,0.16,0.0125,0.1,1.5
951,950,1000,0.16,0.0125,0.1,1.5
952,951,800,0.14,0.0125,0.1,1.5
952,976,2000,0.16,0.0125,0.1,1.5
953,943,1000,0.17,0.0125,0.1,1.5
953,952,800,0.16,0.0125,0.1,1.5
954,953,2000,0.2,0.0125,0.1,1.5
954,973,1000,0.18,0.0125,0.1,1.5
955,939,800,0.11,0.0125,0.1,1.5
955,954,2000,0.18,0.0125,0.1,1.5
955,972,1000,0.13,0.0125,0.1,1.5
956,938,800,0.11,0.0125,0.1,1.5
956,955,2000,0.2,0.0125,0.1,1.5
956,971,1000,0.16,0.0125,0.1,1.5
957,937,800,0.11,0.0125,0.1,1.5
957,956,2000,0.16,0.0125,0.1,1.5
957,970,1000,0.11,0.0125,0.1,1.5
958,936,800,0.11,0.0125,0.1,1.5
958,957,2000,0.19,0.0125,0.1,1.5
959,958,1000,0.18,0.0125,0.1,1.5
959,967,800,0.11,0.0125,0.1,1.5
960,934,2000,0.11,0.0125,0.1,1.5
960,959,1000,0.19,0.0125,0.1,1.5
960,965,800,0.11,0.0125,0.1,1.5
961,960,2000,0.21,0.0125,0.1,1.5
961,964,1000,0.11,0.0125,0.1,1.5
962,933,800,0.11,0.0125,0.1,1.5
962,961,2000,0.13,0.0125,0.1,1.5
962,1003,1000,0.28,0.0125,0.1,1.5
963,404,800,0.24,0.0125,0.1,1.5
963,1002,2000,0.29,0.0125,0.1,1.5
964,961,1000,0.11,0.0125,0.1,1.5
964,963,800,0.23,0.0125,0.1,1.5
965,960,2000,0.11,0.0125,0.1,1.5
965,964,1000,0.21,0.0125,0.1,1.5
965,1001,800,0.11,0.0125,0.1,1.5
966,3,2000,0.23,0.0125,0.1,1.5
966,965,1000,0.07,0.0125,0.1,1.5
967,966,800,0.14,0.0125,0.1,1.5
967,999,2000,0.11,0.0125,0.1,1.5
968,958,1000,0.11,0.0125,0.1,1.5
968,967,800,0.18,0.0125,0.1,1.5
969,4,2000,0.18,0.0125,0.1,1.5
969,968,1000,0.11,0.0125,0.1,1.5
970,957,800,0.11,0.0125,0.1,1.5
970,969,2000,0.08,0.0125,0.1,1.5
970,996,1000,0.11,0.0125,0.1,1.5
971,956,800,0.16,0.0125,0.1,1.5
971,970,2000,0.18,0.0125,0.1,1.5
971,995,1000,0.04,0.0125,0.1,1.5
972,955,800,0.13,0.0125,0.1,1.5
972,971,2000,0.18,0.0125,0.1,1.5
972,993,1000,0.07,0.0125,0.1,1.5
973,972,800,0.14,0.0125,0.1,1.5
974,953,2000,0.09,0.0125,0.1,1.5
974,973,1000,0.1,0.0125,0.1,1.5
975,2,800,0.23,0.0125,0.1,1.5
975,974,2000,0.1,0.0125,0.1,1.5
976,975,1000,0.08,0.0125,0.1,1.5
976,991,800,0.08,0.0125,0.1,1.5
977,951,2000,0.17,0.0125,0.1,1.5
977,976,1000,0.16,0.0125,0.1,1.5
978,950,800,0.17,0.0125,0.1,1.5
978,977,2000,0.13,0.0125,0.1,1.5
978,988,1000,0.11,0.0125,0.1,1.5
979,978,800,0.16,0.0125,0.1,1.5
979,987,2000,0.13,0.0125,0.1,1.5
980,979,1000,0.21,0.0125,0.1,1.5
981,727,800,0.24,0.0125,0.1,1.5
981,980,2000,0.19,0.0125,0.1,1.5
981,984,1000,0.19,0.0125,0.1,1.5
982,981,800,0.21,0.0125,0.1,1.5
983,982,2000,0.19,0.0125,0.1,1.5
983,1043,1000,0.14,0.0125,0.1,1.5
984,981,800,0.19,0.0125,0.1,1.5
984,983,2000,0.21,0.0125,0.1,1.5
984,1042,1000,0.12,0.0125,0.1,1.5
985,980,800,0.18,0.0125,0.1,1.5
985,984,2000,0.17,0.0125,0.1,1.5
986,985,1000,0.05,0.0125,0.1,1.5
987,986,800,0.14,0.0125,0.1,1.5
987,1037,2000,0.15,0.0125,0.1,1.5
988,978,1000,0.11,0.0125,0.1,1.5
988,987,800,0.16,0.0125,0.1,1.5
988,1035,2000,0.11,0.0125,0.1,1.5
989,977,1000,0.08,0.0125,0.1,1.5
989,988,800,0.13,0.0125,0.1,1.5
990,2,2000,0.23,0.0125,0.1,1.5
990,989,1000,0.1,0.0125,0.1,1.5
991,990,800,0.07,0.0125,0.1,1.5
991,1014,2000,0.09,0.0125,0.1,1.5
992,974,1000,0.15,0.0125,0.1,1.5
992,991,800,0.16,0.0125,0.1,1.5
993,2,2000,0.34,0.0125,0.1,1.5
993,972,1000,0.07,0.0125,0.1,1.5
993,994,800,0.01,0.0125,0.1,1.5
994,992,2000,0.13,0.0125,0.1,1.5
994,993,1000,0.01,0.0125,0.1,1.5
994,1012,800,0.21,0.0125,0.1,1.5
995,971,2000,0.04,0.0125,0.1,1.5
995,994,1000,0.18,0.0125,0.1,1.5
995,1011,800,0.11,0.0125,0.1,1.5
996,970,2000,0.11,0.0125,0.1,1.5
996,995,1000,0.21,0.0125,0.1,1.5
996,1009,800,0.1,0.0125,0.1,1.5
997,4,2000,0.18,0.0125,0.1,1.5
997,996,1000,0.11,0.0125,0.1,1.5
998,968,800,0.11,0.0125,0.1,1.5
998,997,2000,0.1,0.0125,0.1,1.5
999,998,1000,0.18,0.0125,0.1,1.5
999,1006,800,0.11,0.0125,0.1,1.5
1000,3,2000,0.23,0.0125,0.1,1.5
1000,999,1000,0.08,0.0125,0.1,1.5
1001,965,800,0.11,0.0125,0.1,1.5
1001,1000,2000,0.12,0.0125,0.1,1.5
1001,1005,1000,0.11,0.0125,0.1,1.5
1002,1001,800,0.16,0.0125,0.1,1.5
1002,1003,2000,0.14,0.0125,0.1,1.5
1003,962,1000,0.28,0.0125,0.1,1.5
1003,1002,800,0.14,0.0125,0.1,1.5
1003,1004,2000,0.11,0.0125,0.1,1.5
1004,1003,1000,0.11,0.0125,0.1,1.5
1004,1023,800,0.12,0.0125,0.1,1.5
1005,1001,2000,0.11,0.0125,0.1,1.5
1005,1004,1000,0.27,0.0125,0.1,1.5
1005,1022,800,0.07,0.0125,0.1,1.5
1006,1005,2000,0.19,0.0125,0.1,1.5
1006,1020,1000,0.09,0.0125,0.1,1.5
1007,4,800,0.18,0.0125,0.1,1.5
1007,998,2000,0.06,0.0125,0.1,1.5
1008,1006,1000,0.18,0.0125,0.1,1.5
1008,1007,800,0.05,0.0125,0.1,1.5
1009,4,2000,0.18,0.0125,0.1,1.5
1009,996,1000,0.1,0.0125,0.1,1.5
1009,1010,800,0.01,0.0125,0.1,1.5
1010,1008,2000,0.18,0.0125,0.1,1.5
1010,1009,1000,0.01,0.0125,0.1,1.5
1010,1016,800,0.11,0.0125,0.1,1.5
1011,995,2000,0.11,0.0125,0.1,1.5
1011,1010,1000,0.23,0.0125,0.1,1.5
1011,1015,800,0.11,0.0125,0.1,1.5
1012,992,2000,0.12,0.0125,0.1,1.5
1012,994,1000,0.21,0.0125,0.1,1.5
1012,1011,800,0.18,0.0125,0.1,1.5
1014,1033,2000,0.18,0.0125,0.1,1.5
1015,1011,1000,0.11,0.0125,0.1,1.5
1015,1012,800,0.13,0.0125,0.1,1.5
1015,1032,2000,0.11,0.0125,0.1,1.5
1016,1010,1000,0.11,0.0125,0.1,1.5
1016,1015,800,0.24,0.0125,0.1,1.5
1016,1029,2000,0.21,0.0125,0.1,1.5
1017,4,1000,0.21,0.0125,0.1,1.5
1017,1016,800,0.13,0.0125,0.1,1.5
1018,1008,2000,0.19,0.0125,0.1,1.5
1018,1017,1000,0.11,0.0125,0.1,1.5
1019,1018,800,0.18,0.0125,0.1,1.5
1019,1027,2000,0.11,0.0125,0.1,1.5
1020,3,1000,0.23,0.0125,0.1,1.5
1020,1019,800,0.1,0.0125,0.1,1.5
1021,1019,2000,0.19,0.0125,0.1,1.5
1021,1022,1000,0.12,0.0125,0.1,1.5
1021,1026,800,0.11,0.0125,0.1,1.5
1022,3,2000,0.19,0.0125,0.1,1.5
1022,1005,1000,0.07,0.0125,0.1,1.5
1022,1021,800,0.12,0.0125,0.1,1.5
1023,1004,2000,0.12,0.0125,0.1,1.5
1023,1021,1000,0.24,0.0125,0.1,1.5
1023,1025,800,0.13,0.0125,0.1,1.5
1024,400,2000,0.19,0.0125,0.1,1.5
1024,1025,1000,0.04,0.0125,0.1,1.5
1025,1023,800,0.13,0.0125,0.1,1.5
1025,1024,2000,0.04,0.0125,0.1,1.5
1025,1026,1000,0.23,0.0125,0.1,1.5
1026,1021,800,0.11,0.0125,0.1,1.5
1026,1025,2000,0.23,0.0125,0.1,1.5
1026,1027,1000,0.19,0.0125,0.1,1.5
1027,147,800,0.23,0.0125,0.1,1.5
1027,1026,2000,0.19,0.0125,0.1,1.5
1027,1028,1000,0.18,0.0125,0.1,1.5
1028,1018,800,0.11,0.0125,0.1,1.5
1028,1027,2000,0.18,0.0125,0.1,1.5
1028,1029,1000,0.18,0.0125,0.1,1.5
1029,1016,800,0.21,0.0125,0.1,1.5
1029,1028,2000,0.18,0.0125,0.1,1.5
1029,1030,1000,0.06,0.0125,0.1,1.5
1030,1029,800,0.06,0.0125,0.1,1.5
1030,1031,2000,0.11,0.0125,0.1,1.5
1030,1052,1000,0.13,0.0125,0.1,1.5
1031,1030,800,0.11,0.0125,0.1,1.5
1031,1032,2000,0.13,0.0125,0.1,1.5
1032,1015,1000,0.11,0.0125,0.1,1.5
1032,1031,800,0.13,0.0125,0.1,1.5
1032,1033,2000,0.22,0.0125,0.1,1.5
1032,1050,1000,0.26,0.0125,0.1,1.5
1033,1032,800,0.22,0.0125,0.1,1.5
1033,1034,2000,0.1,0.0125,0.1,1.5
1034,989,1000,0.18,0.0125,0.1,1.5
1034,1033,800,0.1,0.0125,0.1,1.5
1034,1035,2000,0.16,0.0125,0.1,1.5
1035,988,1000,0.11,0.0125,0.1,1.5
1035,1034,800,0.16,0.0125,0.1,1.5
1035,1036,2000,0.1,0.0125,0.1,1.5
1036,1,1000,0.24,0.0125,0.1,1.5
1036,1035,800,0.1,0.0125,0.1,1.5
1036,1037,2000,0.08,0.0125,0.1,1.5
1037,1036,1000,0.08,0.0125,0.1,1.5
1037,1040,800,0.11,0.0125,0.1,1.5
1040,1037,2000,0.11,0.0125,0.1,1.5
1040,1041,1000,0.12,0.0125,0.1,1.5
1041,985,800,0.12,0.0125,0.1,1.5
1041,1040,2000,0.12,0.0125,0.1,1.5
1041,1042,1000,0.16,0.0125,0.1,1.5
1041,1049,800,0.23,0.0125,0.1,1.5
1042,984,2000,0.12,0.0125,0.1,1.5
1042,1041,1000,0.16,0.0125,0.1,1.5
1042,1043,800,0.23,0.0125,0.1,1.5
1042,1049,2000,0.19,0.0125,0.1,1.5
1043,983,1000,0.14,0.0125,0.1,1.5
1043,1042,800,0.23,0.0125,0.1,1.5
1043,1044,2000,0.18,0.0125,0.1,1.5
1043,1048,1000,0.65,0.0125,0.1,1.5
1044,773,800,0.18,0.0125,0.1,1.5
1044,1043,2000,0.18,0.0125,0.1,1.5
1045,155,1000,0.43,0.0125,0.1,1.5
1045,1049,800,1,0.0125,0.1,1.5
1046,195,2000,0.26,0.0125,0.1,1.5
1046,1047,1000,0.19,0.0125,0.1,1.5
1047,10,800,0.61,0.0125,0.1,1.5
1047,1046,2000,0.19,0.0125,0.1,1.5
1047,1048,1000,0.85,0.0125,0.1,1.5
1048,9,800,0.1,0.0125,0.1,1.5
1048,1043,2000,0.65,0.0125,0.1,1.5
1048,1047,1000,0.85,0.0125,0.1,1.5
1049,1041,800,0.23,0.0125,0.1,1.5
1049,1042,2000,0.19,0.0125,0.1,1.5
1049,1045,1000,1,0.0125,0.1,1.5
1050,1,800,0.31,0.0125,0.1,1.5
1050,1032,2000,0.26,0.0125,0.1,1.5
1050,1051,1000,0.12,0.0125,0.1,1.5
1051,1031,800,0.25,0.0125,0.1,1.5
1051,1050,2000,0.12,0.0125,0.1,1.5
1051,1052,1000,0.1,0.0125,0.1,1.5
1052,147,600,0.21,0.0125,0.1,1.5
1052,1051,2000,0.1,0.0125,0.1,1.5
1052,1053,1000,0.57,0.0125,0.1,1.5
1053,1051,800,0.48,0.0125,0.1,1.5
1053,1054,2000,0.26,0.0125,0.1,1.5
1054,289,1000,0.22,0.0125,0.1,1.5
1054,1053,800,0.26,0.0125,0.1,1.5
1055,467,2000,2.88,0.0125,0.1,1.5
1055,536,1000,7.79,0.0125,0.1,1.5
1056,97,600,0.53,0.0125,0.1,1.5
1056,100,600,0.64,0.0125,0.1,1.5
1056,717,1000,0.47,0.0125,0.1,1.5
1057,56,600,0.31,0.0125,0.1,1.5
1057,483,2000,0.51,0.0125,0.1,1.5
1057,484,1000,0.59,0.0125,0.1,1.5
